Parent_SMILES,Frag1_SMILES,Frag2_SMILES,BDE_wB97X-V,solvent
[H]C([H])([H])S(=O)(=O)[O-],[H][C]([H])[H],O=[S](=O)[O-],77.99672712893198,water
[H]C([H])([H])S(=O)(=O)[O-],[H][C]([H])S(=O)(=O)[O-],[H],105.60235959262428,water
[H]C([H])([H])C(=O)[O-],[H][C]([H])[H],O=[C][O-],85.92420236239064,water
[H]C([H])([H])C(=O)[O-],[H][C]([H])C(=O)[O-],[H],99.40901491462434,water
[H]C([H])(F)S(=O)(=O)[O-],[H][C]([H])S(=O)(=O)[O-],[F],113.52042149515596,water
[H]C([H])(F)S(=O)(=O)[O-],[H][C]([H])F,O=[S](=O)[O-],73.37725860071941,water
[H]C([H])(F)S(=O)(=O)[O-],[H][C](F)S(=O)(=O)[O-],[H],102.43190264098756,water
[H]C([H])(F)C(=O)[O-],[H][C]([H])C(=O)[O-],[F],112.69267700190582,water
[H]C([H])(F)C(=O)[O-],[H][C]([H])F,O=[C][O-],86.6703340188387,water
[H]C([H])(F)C(=O)[O-],[H][C](F)C(=O)[O-],[H],95.77193871646642,water
[H]C(F)(F)S(=O)(=O)[O-],[H][C](F)S(=O)(=O)[O-],[F],119.85639307892455,water
[H]C(F)(F)S(=O)(=O)[O-],[H][C](F)F,O=[S](=O)[O-],71.34211424702585,water
[H]C(F)(F)S(=O)(=O)[O-],O=S(=O)([O-])[C](F)F,[H],103.61290522513087,water
[H]C(F)(F)C(=O)[O-],[H][C](F)C(=O)[O-],[F],114.51722596072813,water
[H]C(F)(F)C(=O)[O-],[H][C](F)F,O=[C][O-],85.95598647146986,water
[H]C(F)(F)C(=O)[O-],O=C([O-])[C](F)F,[H],98.15793670967366,water
O=C([O-])C(F)(F)F,O=[C][O-],F[C](F)F,91.19466226955352,water
O=C([O-])C(F)(F)F,O=C([O-])[C](F)F,[F],122.51343342969278,water
O=S(=O)([O-])C(F)(F)F,O=[S](=O)[O-],F[C](F)F,73.85302631941443,water
O=S(=O)([O-])C(F)(F)F,O=S(=O)([O-])[C](F)F,[F],125.24063821941922,water
O=C([O-])C(F)(F)C(F)(F)F,O=[C][O-],F[C](F)C(F)(F)F,87.85751288515513,water
O=C([O-])C(F)(F)C(F)(F)F,O=C([O-])[C](F)C(F)(F)F,[F],113.3599202928704,water
O=C([O-])C(F)(F)C(F)(F)F,O=C([O-])[C](F)F,F[C](F)F,92.93491595107469,water
O=C([O-])C(F)(F)C(F)(F)F,O=C([O-])C(F)(F)[C](F)F,[F],125.63161350754427,water
O=S(=O)([O-])C(F)(F)C(F)(F)F,O=[S](=O)[O-],F[C](F)C(F)(F)F,69.30898142803528,water
O=S(=O)([O-])C(F)(F)C(F)(F)F,O=S(=O)([O-])[C](F)C(F)(F)F,[F],116.53184883372604,water
O=S(=O)([O-])C(F)(F)C(F)(F)F,O=S(=O)([O-])[C](F)F,F[C](F)F,94.45522523389172,water
O=S(=O)([O-])C(F)(F)C(F)(F)F,O=S(=O)([O-])C(F)(F)[C](F)F,[F],124.06111023062748,water
O=C([O-])C(F)(F)C(F)(F)C(F)(F)F,O=[C][O-],F[C](F)C(F)(F)C(F)(F)F,87.04847963396645,water
O=C([O-])C(F)(F)C(F)(F)C(F)(F)F,O=C([O-])[C](F)C(F)(F)C(F)(F)F,[F],112.59355622260811,water
O=C([O-])C(F)(F)C(F)(F)C(F)(F)F,O=C([O-])[C](F)F,F[C](F)C(F)(F)F,87.95354206632084,water
O=C([O-])C(F)(F)C(F)(F)C(F)(F)F,O=C([O-])C(F)(F)[C](F)C(F)(F)F,[F],116.69041171714298,water
O=C([O-])C(F)(F)C(F)(F)C(F)(F)F,O=C([O-])C(F)(F)[C](F)F,F[C](F)F,94.40887152857071,water
O=C([O-])C(F)(F)C(F)(F)C(F)(F)F,O=C([O-])C(F)(F)C(F)(F)[C](F)F,[F],124.65734706469078,water
O=S(=O)([O-])C(F)(F)C(F)(F)C(F)(F)F,O=[S](=O)[O-],F[C](F)C(F)(F)C(F)(F)F,67.95820981580391,water
O=S(=O)([O-])C(F)(F)C(F)(F)C(F)(F)F,O=S(=O)([O-])[C](F)C(F)(F)C(F)(F)F,[F],114.7839856984092,water
O=S(=O)([O-])C(F)(F)C(F)(F)C(F)(F)F,O=S(=O)([O-])[C](F)F,F[C](F)C(F)(F)F,88.93211298802385,water
O=S(=O)([O-])C(F)(F)C(F)(F)C(F)(F)F,O=S(=O)([O-])C(F)(F)[C](F)C(F)(F)F,[F],113.80534345483738,water
O=S(=O)([O-])C(F)(F)C(F)(F)C(F)(F)F,O=S(=O)([O-])C(F)(F)[C](F)F,F[C](F)F,92.29662989046858,water
O=S(=O)([O-])C(F)(F)C(F)(F)C(F)(F)F,O=S(=O)([O-])C(F)(F)C(F)(F)[C](F)F,[F],125.04617550183696,water
O=S(=O)([O-])C(F)(F)C(F)(F)C(F)(F)C(F)(F)F,O=[S](=O)[O-],F[C](F)C(F)(F)C(F)(F)C(F)(F)F,68.49905302274976,water
O=S(=O)([O-])C(F)(F)C(F)(F)C(F)(F)C(F)(F)F,O=S(=O)([O-])[C](F)C(F)(F)C(F)(F)C(F)(F)F,[F],114.76363872985304,water
O=S(=O)([O-])C(F)(F)C(F)(F)C(F)(F)C(F)(F)F,O=S(=O)([O-])[C](F)F,F[C](F)C(F)(F)C(F)(F)F,87.576926842126,water
O=S(=O)([O-])C(F)(F)C(F)(F)C(F)(F)C(F)(F)F,O=S(=O)([O-])C(F)(F)[C](F)C(F)(F)C(F)(F)F,[F],112.45941462009056,water
O=S(=O)([O-])C(F)(F)C(F)(F)C(F)(F)C(F)(F)F,O=S(=O)([O-])C(F)(F)[C](F)F,F[C](F)C(F)(F)F,86.76910311093422,water
O=S(=O)([O-])C(F)(F)C(F)(F)C(F)(F)C(F)(F)F,O=S(=O)([O-])C(F)(F)C(F)(F)[C](F)C(F)(F)F,[F],113.48162372478156,water
O=S(=O)([O-])C(F)(F)C(F)(F)C(F)(F)C(F)(F)F,O=S(=O)([O-])C(F)(F)C(F)(F)[C](F)F,F[C](F)F,93.27728062801155,water
O=S(=O)([O-])C(F)(F)C(F)(F)C(F)(F)C(F)(F)F,O=S(=O)([O-])C(F)(F)C(F)(F)C(F)(F)[C](F)F,[F],123.90784142097571,water
O=C([O-])C(F)(F)C(F)(F)C(F)(F)C(F)(F)F,O=[C][O-],F[C](F)C(F)(F)C(F)(F)C(F)(F)F,87.44406279334044,water
O=C([O-])C(F)(F)C(F)(F)C(F)(F)C(F)(F)F,O=C([O-])[C](F)C(F)(F)C(F)(F)C(F)(F)F,[F],112.08247847334631,water
O=C([O-])C(F)(F)C(F)(F)C(F)(F)C(F)(F)F,O=C([O-])[C](F)F,F[C](F)C(F)(F)C(F)(F)F,86.45309587285112,water
O=C([O-])C(F)(F)C(F)(F)C(F)(F)C(F)(F)F,O=C([O-])C(F)(F)[C](F)C(F)(F)C(F)(F)F,[F],114.6381091090018,water
O=C([O-])C(F)(F)C(F)(F)C(F)(F)C(F)(F)F,O=C([O-])C(F)(F)[C](F)F,F[C](F)C(F)(F)F,88.7360847014645,water
O=C([O-])C(F)(F)C(F)(F)C(F)(F)C(F)(F)F,O=C([O-])C(F)(F)C(F)(F)[C](F)C(F)(F)F,[F],113.93945270256722,water
O=C([O-])C(F)(F)C(F)(F)C(F)(F)C(F)(F)F,O=C([O-])C(F)(F)C(F)(F)[C](F)F,F[C](F)F,92.7431921434362,water
O=C([O-])C(F)(F)C(F)(F)C(F)(F)C(F)(F)F,O=C([O-])C(F)(F)C(F)(F)C(F)(F)[C](F)F,[F],124.0984972125085,water
O=C([O-])C(F)(F)C(F)(F)C(F)(F)C(F)(F)C(F)(F)F,O=[C][O-],F[C](F)C(F)(F)C(F)(F)C(F)(F)C(F)(F)F,87.48193888004607,water
O=C([O-])C(F)(F)C(F)(F)C(F)(F)C(F)(F)C(F)(F)F,O=C([O-])[C](F)C(F)(F)C(F)(F)C(F)(F)C(F)(F)F,[F],112.15828129837008,water
O=C([O-])C(F)(F)C(F)(F)C(F)(F)C(F)(F)C(F)(F)F,O=C([O-])[C](F)F,F[C](F)C(F)(F)C(F)(F)C(F)(F)F,86.85796525522562,water
O=C([O-])C(F)(F)C(F)(F)C(F)(F)C(F)(F)C(F)(F)F,O=C([O-])C(F)(F)[C](F)C(F)(F)C(F)(F)C(F)(F)F,[F],113.98134952533952,water
O=C([O-])C(F)(F)C(F)(F)C(F)(F)C(F)(F)C(F)(F)F,O=C([O-])C(F)(F)[C](F)F,F[C](F)C(F)(F)C(F)(F)F,87.24492473113798,water
O=C([O-])C(F)(F)C(F)(F)C(F)(F)C(F)(F)C(F)(F)F,O=C([O-])C(F)(F)C(F)(F)[C](F)C(F)(F)C(F)(F)F,[F],111.91396374720796,water
O=C([O-])C(F)(F)C(F)(F)C(F)(F)C(F)(F)C(F)(F)F,O=C([O-])C(F)(F)C(F)(F)[C](F)F,F[C](F)C(F)(F)F,87.07969153947317,water
O=C([O-])C(F)(F)C(F)(F)C(F)(F)C(F)(F)C(F)(F)F,O=C([O-])C(F)(F)C(F)(F)C(F)(F)[C](F)C(F)(F)F,[F],113.88195406556576,water
O=C([O-])C(F)(F)C(F)(F)C(F)(F)C(F)(F)C(F)(F)F,O=C([O-])C(F)(F)C(F)(F)C(F)(F)[C](F)F,F[C](F)F,92.19362851425444,water
O=C([O-])C(F)(F)C(F)(F)C(F)(F)C(F)(F)C(F)(F)F,O=C([O-])C(F)(F)C(F)(F)C(F)(F)C(F)(F)[C](F)F,[F],124.19520391857644,water
O=S(=O)([O-])C(F)(F)C(F)(F)C(F)(F)C(F)(F)C(F)(F)F,O=[S](=O)[O-],F[C](F)C(F)(F)C(F)(F)C(F)(F)C(F)(F)F,68.69129990717283,water
O=S(=O)([O-])C(F)(F)C(F)(F)C(F)(F)C(F)(F)C(F)(F)F,O=S(=O)([O-])[C](F)C(F)(F)C(F)(F)C(F)(F)C(F)(F)F,[F],114.5854253345908,water
O=S(=O)([O-])C(F)(F)C(F)(F)C(F)(F)C(F)(F)C(F)(F)F,O=S(=O)([O-])[C](F)F,F[C](F)C(F)(F)C(F)(F)C(F)(F)F,88.13616702236061,water
O=S(=O)([O-])C(F)(F)C(F)(F)C(F)(F)C(F)(F)C(F)(F)F,O=S(=O)([O-])C(F)(F)[C](F)C(F)(F)C(F)(F)C(F)(F)F,[F],112.23236753482696,water
O=S(=O)([O-])C(F)(F)C(F)(F)C(F)(F)C(F)(F)C(F)(F)F,O=S(=O)([O-])C(F)(F)[C](F)F,F[C](F)C(F)(F)C(F)(F)F,85.43231393846781,water
O=S(=O)([O-])C(F)(F)C(F)(F)C(F)(F)C(F)(F)C(F)(F)F,O=S(=O)([O-])C(F)(F)C(F)(F)[C](F)C(F)(F)C(F)(F)F,[F],111.56548982698212,water
O=S(=O)([O-])C(F)(F)C(F)(F)C(F)(F)C(F)(F)C(F)(F)F,O=S(=O)([O-])C(F)(F)C(F)(F)[C](F)F,F[C](F)C(F)(F)F,87.76815082190865,water
O=S(=O)([O-])C(F)(F)C(F)(F)C(F)(F)C(F)(F)C(F)(F)F,O=S(=O)([O-])C(F)(F)C(F)(F)C(F)(F)[C](F)C(F)(F)F,[F],114.12288345118554,water
O=S(=O)([O-])C(F)(F)C(F)(F)C(F)(F)C(F)(F)C(F)(F)F,O=S(=O)([O-])C(F)(F)C(F)(F)C(F)(F)[C](F)F,F[C](F)F,92.15734352058178,water
O=S(=O)([O-])C(F)(F)C(F)(F)C(F)(F)C(F)(F)C(F)(F)F,O=S(=O)([O-])C(F)(F)C(F)(F)C(F)(F)C(F)(F)[C](F)F,[F],124.4473976263339,water
O=C([O-])C(F)(F)C(F)(F)C(F)(F)C(F)(F)C(F)(F)C(F)(F)F,O=[C][O-],F[C](F)C(F)(F)C(F)(F)C(F)(F)C(F)(F)C(F)(F)F,87.38653738457288,water
O=C([O-])C(F)(F)C(F)(F)C(F)(F)C(F)(F)C(F)(F)C(F)(F)F,O=C([O-])[C](F)C(F)(F)C(F)(F)C(F)(F)C(F)(F)C(F)(F)F,[F],112.15569285956576,water
O=C([O-])C(F)(F)C(F)(F)C(F)(F)C(F)(F)C(F)(F)C(F)(F)F,O=C([O-])[C](F)F,F[C](F)C(F)(F)C(F)(F)C(F)(F)C(F)(F)F,86.89582436665205,water
O=C([O-])C(F)(F)C(F)(F)C(F)(F)C(F)(F)C(F)(F)C(F)(F)F,O=C([O-])C(F)(F)[C](F)C(F)(F)C(F)(F)C(F)(F)C(F)(F)F,[F],113.9669341525348,water
O=C([O-])C(F)(F)C(F)(F)C(F)(F)C(F)(F)C(F)(F)C(F)(F)F,O=C([O-])C(F)(F)[C](F)F,F[C](F)C(F)(F)C(F)(F)C(F)(F)F,87.64977713823328,water
O=C([O-])C(F)(F)C(F)(F)C(F)(F)C(F)(F)C(F)(F)C(F)(F)F,O=C([O-])C(F)(F)C(F)(F)[C](F)F,F[C](F)C(F)(F)C(F)(F)F,85.58851459372477,water
O=C([O-])C(F)(F)C(F)(F)C(F)(F)C(F)(F)C(F)(F)C(F)(F)F,O=C([O-])C(F)(F)C(F)(F)C(F)(F)[C](F)C(F)(F)C(F)(F)F,[F],112.13664812835871,water
O=C([O-])C(F)(F)C(F)(F)C(F)(F)C(F)(F)C(F)(F)C(F)(F)F,O=C([O-])C(F)(F)C(F)(F)C(F)(F)[C](F)F,F[C](F)C(F)(F)F,86.53011093486953,water
O=C([O-])C(F)(F)C(F)(F)C(F)(F)C(F)(F)C(F)(F)C(F)(F)F,O=C([O-])C(F)(F)C(F)(F)C(F)(F)C(F)(F)[C](F)C(F)(F)F,[F],114.15577320710328,water
O=C([O-])C(F)(F)C(F)(F)C(F)(F)C(F)(F)C(F)(F)C(F)(F)F,O=C([O-])C(F)(F)C(F)(F)C(F)(F)C(F)(F)[C](F)F,F[C](F)F,92.2903182449005,water
O=C([O-])C(F)(F)C(F)(F)C(F)(F)C(F)(F)C(F)(F)C(F)(F)F,O=C([O-])C(F)(F)C(F)(F)C(F)(F)C(F)(F)C(F)(F)[C](F)F,[F],124.0133242522279,water
O=S(=O)([O-])C(F)(F)C(F)(F)C(F)(F)C(F)(F)C(F)(F)C(F)(F)F,O=[S](=O)[O-],F[C](F)C(F)(F)C(F)(F)C(F)(F)C(F)(F)C(F)(F)F,68.30836557718726,water
O=S(=O)([O-])C(F)(F)C(F)(F)C(F)(F)C(F)(F)C(F)(F)C(F)(F)F,O=S(=O)([O-])[C](F)C(F)(F)C(F)(F)C(F)(F)C(F)(F)C(F)(F)F,[F],114.11245326048515,water
O=S(=O)([O-])C(F)(F)C(F)(F)C(F)(F)C(F)(F)C(F)(F)C(F)(F)F,O=S(=O)([O-])[C](F)F,F[C](F)C(F)(F)C(F)(F)C(F)(F)C(F)(F)F,87.88649329898931,water
O=S(=O)([O-])C(F)(F)C(F)(F)C(F)(F)C(F)(F)C(F)(F)C(F)(F)F,O=S(=O)([O-])C(F)(F)[C](F)C(F)(F)C(F)(F)C(F)(F)C(F)(F)F,[F],111.83058846238964,water
O=S(=O)([O-])C(F)(F)C(F)(F)C(F)(F)C(F)(F)C(F)(F)C(F)(F)F,O=S(=O)([O-])C(F)(F)[C](F)F,F[C](F)C(F)(F)C(F)(F)C(F)(F)F,85.5496335106227,water
O=S(=O)([O-])C(F)(F)C(F)(F)C(F)(F)C(F)(F)C(F)(F)C(F)(F)F,O=S(=O)([O-])C(F)(F)C(F)(F)[C](F)C(F)(F)C(F)(F)C(F)(F)F,[F],110.86833209570727,water
O=S(=O)([O-])C(F)(F)C(F)(F)C(F)(F)C(F)(F)C(F)(F)C(F)(F)F,O=S(=O)([O-])C(F)(F)C(F)(F)[C](F)F,F[C](F)C(F)(F)C(F)(F)F,85.98944104150519,water
O=S(=O)([O-])C(F)(F)C(F)(F)C(F)(F)C(F)(F)C(F)(F)C(F)(F)F,O=S(=O)([O-])C(F)(F)C(F)(F)C(F)(F)[C](F)C(F)(F)C(F)(F)F,[F],112.18715092445564,water
O=S(=O)([O-])C(F)(F)C(F)(F)C(F)(F)C(F)(F)C(F)(F)C(F)(F)F,O=S(=O)([O-])C(F)(F)C(F)(F)C(F)(F)[C](F)F,F[C](F)C(F)(F)F,86.2062931065418,water
O=S(=O)([O-])C(F)(F)C(F)(F)C(F)(F)C(F)(F)C(F)(F)C(F)(F)F,O=S(=O)([O-])C(F)(F)C(F)(F)C(F)(F)C(F)(F)[C](F)C(F)(F)F,[F],114.04001945204072,water
O=S(=O)([O-])C(F)(F)C(F)(F)C(F)(F)C(F)(F)C(F)(F)C(F)(F)F,O=S(=O)([O-])C(F)(F)C(F)(F)C(F)(F)C(F)(F)[C](F)F,F[C](F)F,92.2549791180029,water
O=S(=O)([O-])C(F)(F)C(F)(F)C(F)(F)C(F)(F)C(F)(F)C(F)(F)F,O=S(=O)([O-])C(F)(F)C(F)(F)C(F)(F)C(F)(F)C(F)(F)[C](F)F,[F],123.54895362002594,water
O=S(=O)([O-])C(F)(F)C(F)(F)C(F)(F)C(F)(F)C(F)(F)C(F)(F)C(F)(F)F,O=[S](=O)[O-],F[C](F)C(F)(F)C(F)(F)C(F)(F)C(F)(F)C(F)(F)C(F)(F)F,68.22777727675088,water
O=S(=O)([O-])C(F)(F)C(F)(F)C(F)(F)C(F)(F)C(F)(F)C(F)(F)C(F)(F)F,O=S(=O)([O-])[C](F)C(F)(F)C(F)(F)C(F)(F)C(F)(F)C(F)(F)C(F)(F)F,[F],114.22597981245984,water
O=S(=O)([O-])C(F)(F)C(F)(F)C(F)(F)C(F)(F)C(F)(F)C(F)(F)C(F)(F)F,O=S(=O)([O-])[C](F)F,F[C](F)C(F)(F)C(F)(F)C(F)(F)C(F)(F)C(F)(F)F,87.9266204789019,water
O=S(=O)([O-])C(F)(F)C(F)(F)C(F)(F)C(F)(F)C(F)(F)C(F)(F)C(F)(F)F,O=S(=O)([O-])C(F)(F)[C](F)C(F)(F)C(F)(F)C(F)(F)C(F)(F)C(F)(F)F,[F],112.18833241998254,water
O=S(=O)([O-])C(F)(F)C(F)(F)C(F)(F)C(F)(F)C(F)(F)C(F)(F)C(F)(F)F,O=S(=O)([O-])C(F)(F)[C](F)F,F[C](F)C(F)(F)C(F)(F)C(F)(F)C(F)(F)F,85.72302129757759,water
O=S(=O)([O-])C(F)(F)C(F)(F)C(F)(F)C(F)(F)C(F)(F)C(F)(F)C(F)(F)F,O=S(=O)([O-])C(F)(F)C(F)(F)[C](F)C(F)(F)C(F)(F)C(F)(F)C(F)(F)F,[F],111.67637186438924,water
O=S(=O)([O-])C(F)(F)C(F)(F)C(F)(F)C(F)(F)C(F)(F)C(F)(F)C(F)(F)F,O=S(=O)([O-])C(F)(F)C(F)(F)[C](F)F,F[C](F)C(F)(F)C(F)(F)C(F)(F)F,86.52982212384359,water
O=S(=O)([O-])C(F)(F)C(F)(F)C(F)(F)C(F)(F)C(F)(F)C(F)(F)C(F)(F)F,O=S(=O)([O-])C(F)(F)C(F)(F)C(F)(F)[C](F)C(F)(F)C(F)(F)C(F)(F)F,[F],111.87182595542708,water
O=S(=O)([O-])C(F)(F)C(F)(F)C(F)(F)C(F)(F)C(F)(F)C(F)(F)C(F)(F)F,O=S(=O)([O-])C(F)(F)C(F)(F)C(F)(F)[C](F)F,F[C](F)C(F)(F)C(F)(F)F,84.85064483632186,water
O=S(=O)([O-])C(F)(F)C(F)(F)C(F)(F)C(F)(F)C(F)(F)C(F)(F)C(F)(F)F,O=S(=O)([O-])C(F)(F)C(F)(F)C(F)(F)C(F)(F)[C](F)C(F)(F)C(F)(F)F,[F],111.6899758905572,water
O=S(=O)([O-])C(F)(F)C(F)(F)C(F)(F)C(F)(F)C(F)(F)C(F)(F)C(F)(F)F,O=S(=O)([O-])C(F)(F)C(F)(F)C(F)(F)C(F)(F)[C](F)F,F[C](F)C(F)(F)F,86.72699021400376,water
O=S(=O)([O-])C(F)(F)C(F)(F)C(F)(F)C(F)(F)C(F)(F)C(F)(F)C(F)(F)F,O=S(=O)([O-])C(F)(F)C(F)(F)C(F)(F)C(F)(F)C(F)(F)[C](F)C(F)(F)F,[F],114.14561760253378,water
O=S(=O)([O-])C(F)(F)C(F)(F)C(F)(F)C(F)(F)C(F)(F)C(F)(F)C(F)(F)F,O=S(=O)([O-])C(F)(F)C(F)(F)C(F)(F)C(F)(F)C(F)(F)[C](F)F,F[C](F)F,91.7795966221638,water
O=S(=O)([O-])C(F)(F)C(F)(F)C(F)(F)C(F)(F)C(F)(F)C(F)(F)C(F)(F)F,O=S(=O)([O-])C(F)(F)C(F)(F)C(F)(F)C(F)(F)C(F)(F)C(F)(F)[C](F)F,[F],124.16732706617836,water
O=C([O-])C(F)(F)C(F)(F)C(F)(F)C(F)(F)C(F)(F)C(F)(F)C(F)(F)F,O=[C][O-],F[C](F)C(F)(F)C(F)(F)C(F)(F)C(F)(F)C(F)(F)C(F)(F)F,87.30924502499022,water
O=C([O-])C(F)(F)C(F)(F)C(F)(F)C(F)(F)C(F)(F)C(F)(F)C(F)(F)F,O=C([O-])[C](F)C(F)(F)C(F)(F)C(F)(F)C(F)(F)C(F)(F)C(F)(F)F,[F],112.16550118065813,water
O=C([O-])C(F)(F)C(F)(F)C(F)(F)C(F)(F)C(F)(F)C(F)(F)C(F)(F)F,O=C([O-])[C](F)F,F[C](F)C(F)(F)C(F)(F)C(F)(F)C(F)(F)C(F)(F)F,86.93924748727568,water
O=C([O-])C(F)(F)C(F)(F)C(F)(F)C(F)(F)C(F)(F)C(F)(F)C(F)(F)F,O=C([O-])C(F)(F)[C](F)C(F)(F)C(F)(F)C(F)(F)C(F)(F)C(F)(F)F,[F],114.68222039908652,water
O=C([O-])C(F)(F)C(F)(F)C(F)(F)C(F)(F)C(F)(F)C(F)(F)C(F)(F)F,O=C([O-])C(F)(F)[C](F)F,F[C](F)C(F)(F)C(F)(F)C(F)(F)C(F)(F)F,87.82646086561385,water
O=C([O-])C(F)(F)C(F)(F)C(F)(F)C(F)(F)C(F)(F)C(F)(F)C(F)(F)F,O=C([O-])C(F)(F)C(F)(F)[C](F)C(F)(F)C(F)(F)C(F)(F)C(F)(F)F,[F],111.84523196042107,water
O=C([O-])C(F)(F)C(F)(F)C(F)(F)C(F)(F)C(F)(F)C(F)(F)C(F)(F)F,O=C([O-])C(F)(F)C(F)(F)[C](F)F,F[C](F)C(F)(F)C(F)(F)C(F)(F)F,86.13219161691688,water
O=C([O-])C(F)(F)C(F)(F)C(F)(F)C(F)(F)C(F)(F)C(F)(F)C(F)(F)F,O=C([O-])C(F)(F)C(F)(F)C(F)(F)[C](F)C(F)(F)C(F)(F)C(F)(F)F,[F],111.6112044791788,water
O=C([O-])C(F)(F)C(F)(F)C(F)(F)C(F)(F)C(F)(F)C(F)(F)C(F)(F)F,O=C([O-])C(F)(F)C(F)(F)C(F)(F)[C](F)F,F[C](F)C(F)(F)C(F)(F)F,85.17775860536062,water
O=C([O-])C(F)(F)C(F)(F)C(F)(F)C(F)(F)C(F)(F)C(F)(F)C(F)(F)F,O=C([O-])C(F)(F)C(F)(F)C(F)(F)C(F)(F)[C](F)C(F)(F)C(F)(F)F,[F],112.16386678929894,water
O=C([O-])C(F)(F)C(F)(F)C(F)(F)C(F)(F)C(F)(F)C(F)(F)C(F)(F)F,O=C([O-])C(F)(F)C(F)(F)C(F)(F)C(F)(F)[C](F)F,F[C](F)C(F)(F)F,86.76562528175509,water
O=C([O-])C(F)(F)C(F)(F)C(F)(F)C(F)(F)C(F)(F)C(F)(F)C(F)(F)F,O=C([O-])C(F)(F)C(F)(F)C(F)(F)C(F)(F)C(F)(F)[C](F)C(F)(F)F,[F],114.47769138873014,water
O=C([O-])C(F)(F)C(F)(F)C(F)(F)C(F)(F)C(F)(F)C(F)(F)C(F)(F)F,O=C([O-])C(F)(F)C(F)(F)C(F)(F)C(F)(F)C(F)(F)[C](F)F,F[C](F)F,92.24726319479146,water
O=C([O-])C(F)(F)C(F)(F)C(F)(F)C(F)(F)C(F)(F)C(F)(F)C(F)(F)F,O=C([O-])C(F)(F)C(F)(F)C(F)(F)C(F)(F)C(F)(F)C(F)(F)[C](F)F,[F],124.16214072480555,water
O=C([O-])C(F)(F)C(F)(F)C(F)(F)C(F)(F)C(F)(F)C(F)(F)C(F)(F)C(F)(F)F,O=[C][O-],F[C](F)C(F)(F)C(F)(F)C(F)(F)C(F)(F)C(F)(F)C(F)(F)C(F)(F)F,87.06826583226302,water
O=C([O-])C(F)(F)C(F)(F)C(F)(F)C(F)(F)C(F)(F)C(F)(F)C(F)(F)C(F)(F)F,O=C([O-])[C](F)C(F)(F)C(F)(F)C(F)(F)C(F)(F)C(F)(F)C(F)(F)C(F)(F)F,[F],112.12539591050812,water
O=C([O-])C(F)(F)C(F)(F)C(F)(F)C(F)(F)C(F)(F)C(F)(F)C(F)(F)C(F)(F)F,O=C([O-])[C](F)F,F[C](F)C(F)(F)C(F)(F)C(F)(F)C(F)(F)C(F)(F)C(F)(F)F,86.31007491343098,water
O=C([O-])C(F)(F)C(F)(F)C(F)(F)C(F)(F)C(F)(F)C(F)(F)C(F)(F)C(F)(F)F,O=C([O-])C(F)(F)[C](F)C(F)(F)C(F)(F)C(F)(F)C(F)(F)C(F)(F)C(F)(F)F,[F],113.89004286522322,water
O=C([O-])C(F)(F)C(F)(F)C(F)(F)C(F)(F)C(F)(F)C(F)(F)C(F)(F)C(F)(F)F,O=C([O-])C(F)(F)[C](F)F,F[C](F)C(F)(F)C(F)(F)C(F)(F)C(F)(F)C(F)(F)F,87.31800377211812,water
O=C([O-])C(F)(F)C(F)(F)C(F)(F)C(F)(F)C(F)(F)C(F)(F)C(F)(F)C(F)(F)F,O=C([O-])C(F)(F)C(F)(F)[C](F)C(F)(F)C(F)(F)C(F)(F)C(F)(F)C(F)(F)F,[F],111.1110256309803,water
O=C([O-])C(F)(F)C(F)(F)C(F)(F)C(F)(F)C(F)(F)C(F)(F)C(F)(F)C(F)(F)F,O=C([O-])C(F)(F)C(F)(F)[C](F)F,F[C](F)C(F)(F)C(F)(F)C(F)(F)C(F)(F)F,85.75699513003542,water
O=C([O-])C(F)(F)C(F)(F)C(F)(F)C(F)(F)C(F)(F)C(F)(F)C(F)(F)C(F)(F)F,O=C([O-])C(F)(F)C(F)(F)C(F)(F)[C](F)C(F)(F)C(F)(F)C(F)(F)C(F)(F)F,[F],111.4005533402326,water
O=C([O-])C(F)(F)C(F)(F)C(F)(F)C(F)(F)C(F)(F)C(F)(F)C(F)(F)C(F)(F)F,O=C([O-])C(F)(F)C(F)(F)C(F)(F)[C](F)F,F[C](F)C(F)(F)C(F)(F)C(F)(F)F,85.1695554142907,water
O=C([O-])C(F)(F)C(F)(F)C(F)(F)C(F)(F)C(F)(F)C(F)(F)C(F)(F)C(F)(F)F,O=C([O-])C(F)(F)C(F)(F)C(F)(F)C(F)(F)[C](F)C(F)(F)C(F)(F)C(F)(F)F,[F],111.36093238909324,water
O=C([O-])C(F)(F)C(F)(F)C(F)(F)C(F)(F)C(F)(F)C(F)(F)C(F)(F)C(F)(F)F,O=C([O-])C(F)(F)C(F)(F)C(F)(F)C(F)(F)[C](F)F,F[C](F)C(F)(F)C(F)(F)F,84.86139273784147,water
O=C([O-])C(F)(F)C(F)(F)C(F)(F)C(F)(F)C(F)(F)C(F)(F)C(F)(F)C(F)(F)F,O=C([O-])C(F)(F)C(F)(F)C(F)(F)C(F)(F)C(F)(F)[C](F)C(F)(F)C(F)(F)F,[F],112.38923046281684,water
O=C([O-])C(F)(F)C(F)(F)C(F)(F)C(F)(F)C(F)(F)C(F)(F)C(F)(F)C(F)(F)F,O=C([O-])C(F)(F)C(F)(F)C(F)(F)C(F)(F)C(F)(F)[C](F)F,F[C](F)C(F)(F)F,86.170690017384,water
O=C([O-])C(F)(F)C(F)(F)C(F)(F)C(F)(F)C(F)(F)C(F)(F)C(F)(F)C(F)(F)F,O=C([O-])C(F)(F)C(F)(F)C(F)(F)C(F)(F)C(F)(F)C(F)(F)[C](F)C(F)(F)F,[F],113.60727258549446,water
O=C([O-])C(F)(F)C(F)(F)C(F)(F)C(F)(F)C(F)(F)C(F)(F)C(F)(F)C(F)(F)F,O=C([O-])C(F)(F)C(F)(F)C(F)(F)C(F)(F)C(F)(F)C(F)(F)[C](F)F,F[C](F)F,91.8441994529644,water
O=C([O-])C(F)(F)C(F)(F)C(F)(F)C(F)(F)C(F)(F)C(F)(F)C(F)(F)C(F)(F)F,O=C([O-])C(F)(F)C(F)(F)C(F)(F)C(F)(F)C(F)(F)C(F)(F)C(F)(F)[C](F)F,[F],124.1047005969233,water
O=S(=O)([O-])C(F)(F)C(F)(F)C(F)(F)C(F)(F)C(F)(F)C(F)(F)C(F)(F)C(F)(F)F,O=[S](=O)[O-],F[C](F)C(F)(F)C(F)(F)C(F)(F)C(F)(F)C(F)(F)C(F)(F)C(F)(F)F,68.84376199035387,water
O=S(=O)([O-])C(F)(F)C(F)(F)C(F)(F)C(F)(F)C(F)(F)C(F)(F)C(F)(F)C(F)(F)F,O=S(=O)([O-])[C](F)C(F)(F)C(F)(F)C(F)(F)C(F)(F)C(F)(F)C(F)(F)C(F)(F)F,[F],115.17063573306018,water
O=S(=O)([O-])C(F)(F)C(F)(F)C(F)(F)C(F)(F)C(F)(F)C(F)(F)C(F)(F)C(F)(F)F,O=S(=O)([O-])[C](F)F,F[C](F)C(F)(F)C(F)(F)C(F)(F)C(F)(F)C(F)(F)C(F)(F)F,88.15441181153005,water
O=S(=O)([O-])C(F)(F)C(F)(F)C(F)(F)C(F)(F)C(F)(F)C(F)(F)C(F)(F)C(F)(F)F,O=S(=O)([O-])C(F)(F)[C](F)C(F)(F)C(F)(F)C(F)(F)C(F)(F)C(F)(F)C(F)(F)F,[F],112.3818224918898,water
O=S(=O)([O-])C(F)(F)C(F)(F)C(F)(F)C(F)(F)C(F)(F)C(F)(F)C(F)(F)C(F)(F)F,O=S(=O)([O-])C(F)(F)[C](F)F,F[C](F)C(F)(F)C(F)(F)C(F)(F)C(F)(F)C(F)(F)F,86.07152811026936,water
O=S(=O)([O-])C(F)(F)C(F)(F)C(F)(F)C(F)(F)C(F)(F)C(F)(F)C(F)(F)C(F)(F)F,O=S(=O)([O-])C(F)(F)C(F)(F)[C](F)C(F)(F)C(F)(F)C(F)(F)C(F)(F)C(F)(F)F,[F],113.46004873330683,water
O=S(=O)([O-])C(F)(F)C(F)(F)C(F)(F)C(F)(F)C(F)(F)C(F)(F)C(F)(F)C(F)(F)F,O=S(=O)([O-])C(F)(F)C(F)(F)[C](F)F,F[C](F)C(F)(F)C(F)(F)C(F)(F)C(F)(F)F,87.01158954357766,water
O=S(=O)([O-])C(F)(F)C(F)(F)C(F)(F)C(F)(F)C(F)(F)C(F)(F)C(F)(F)C(F)(F)F,O=S(=O)([O-])C(F)(F)C(F)(F)C(F)(F)[C](F)C(F)(F)C(F)(F)C(F)(F)C(F)(F)F,[F],113.45327574885346,water
O=S(=O)([O-])C(F)(F)C(F)(F)C(F)(F)C(F)(F)C(F)(F)C(F)(F)C(F)(F)C(F)(F)F,O=S(=O)([O-])C(F)(F)C(F)(F)C(F)(F)[C](F)F,F[C](F)C(F)(F)C(F)(F)C(F)(F)F,85.6994055517248,water
O=S(=O)([O-])C(F)(F)C(F)(F)C(F)(F)C(F)(F)C(F)(F)C(F)(F)C(F)(F)C(F)(F)F,O=S(=O)([O-])C(F)(F)C(F)(F)C(F)(F)C(F)(F)[C](F)C(F)(F)C(F)(F)C(F)(F)F,[F],112.68133713355496,water
O=S(=O)([O-])C(F)(F)C(F)(F)C(F)(F)C(F)(F)C(F)(F)C(F)(F)C(F)(F)C(F)(F)F,O=S(=O)([O-])C(F)(F)C(F)(F)C(F)(F)C(F)(F)[C](F)F,F[C](F)C(F)(F)C(F)(F)F,85.679721576563,water
O=S(=O)([O-])C(F)(F)C(F)(F)C(F)(F)C(F)(F)C(F)(F)C(F)(F)C(F)(F)C(F)(F)F,O=S(=O)([O-])C(F)(F)C(F)(F)C(F)(F)C(F)(F)C(F)(F)[C](F)C(F)(F)C(F)(F)F,[F],114.90264273714274,water
O=S(=O)([O-])C(F)(F)C(F)(F)C(F)(F)C(F)(F)C(F)(F)C(F)(F)C(F)(F)C(F)(F)F,O=S(=O)([O-])C(F)(F)C(F)(F)C(F)(F)C(F)(F)C(F)(F)[C](F)F,F[C](F)C(F)(F)F,86.55998735094386,water
O=S(=O)([O-])C(F)(F)C(F)(F)C(F)(F)C(F)(F)C(F)(F)C(F)(F)C(F)(F)C(F)(F)F,O=S(=O)([O-])C(F)(F)C(F)(F)C(F)(F)C(F)(F)C(F)(F)C(F)(F)[C](F)C(F)(F)F,[F],115.9634197147193,water
O=S(=O)([O-])C(F)(F)C(F)(F)C(F)(F)C(F)(F)C(F)(F)C(F)(F)C(F)(F)C(F)(F)F,O=S(=O)([O-])C(F)(F)C(F)(F)C(F)(F)C(F)(F)C(F)(F)C(F)(F)[C](F)F,F[C](F)F,92.7063497010954,water
O=S(=O)([O-])C(F)(F)C(F)(F)C(F)(F)C(F)(F)C(F)(F)C(F)(F)C(F)(F)C(F)(F)F,O=S(=O)([O-])C(F)(F)C(F)(F)C(F)(F)C(F)(F)C(F)(F)C(F)(F)C(F)(F)[C](F)F,[F],124.37456575025294,water
[H]C([H])(C(=O)[O-])C(F)(F)C(F)(F)C(F)(F)C(F)(F)F,[H][C]([H])C(F)(F)C(F)(F)C(F)(F)C(F)(F)F,O=[C][O-],85.38425091061924,water
[H]C([H])(C(=O)[O-])C(F)(F)C(F)(F)C(F)(F)C(F)(F)F,[H][C]([H])C(=O)[O-],F[C](F)C(F)(F)C(F)(F)C(F)(F)F,95.8850991950476,water
[H]C([H])(C(=O)[O-])C(F)(F)C(F)(F)C(F)(F)C(F)(F)F,[H]C([H])([C](F)C(F)(F)C(F)(F)C(F)(F)F)C(=O)[O-],[F],114.63892037502605,water
[H]C([H])(C(=O)[O-])C(F)(F)C(F)(F)C(F)(F)C(F)(F)F,[H]C([H])([C](F)F)C(=O)[O-],F[C](F)C(F)(F)C(F)(F)F,90.0162480987467,water
[H]C([H])(C(=O)[O-])C(F)(F)C(F)(F)C(F)(F)C(F)(F)F,[H]C([H])(C(=O)[O-])C(F)(F)[C](F)C(F)(F)C(F)(F)F,[F],115.89328526453642,water
[H]C([H])(C(=O)[O-])C(F)(F)C(F)(F)C(F)(F)C(F)(F)F,[H]C([H])(C(=O)[O-])C(F)(F)[C](F)F,F[C](F)C(F)(F)F,89.18639241780625,water
[H]C([H])(C(=O)[O-])C(F)(F)C(F)(F)C(F)(F)C(F)(F)F,[H]C([H])(C(=O)[O-])C(F)(F)C(F)(F)[C](F)C(F)(F)F,[F],114.31601980959216,water
[H]C([H])(C(=O)[O-])C(F)(F)C(F)(F)C(F)(F)C(F)(F)F,[H]C([H])(C(=O)[O-])C(F)(F)C(F)(F)[C](F)F,F[C](F)F,92.79502781647864,water
[H]C([H])(C(=O)[O-])C(F)(F)C(F)(F)C(F)(F)C(F)(F)F,[H]C([H])(C(=O)[O-])C(F)(F)C(F)(F)C(F)(F)[C](F)F,[F],124.59255288358406,water
[H]C([H])(C(=O)[O-])C(F)(F)C(F)(F)C(F)(F)C(F)(F)F,[H][C](C(=O)[O-])C(F)(F)C(F)(F)C(F)(F)C(F)(F)F,[H],100.40470552898567,water
[H]C([H])(C(F)(F)C(F)(F)C(F)(F)C(F)(F)F)S(=O)(=O)[O-],[H][C]([H])S(=O)(=O)[O-],F[C](F)C(F)(F)C(F)(F)C(F)(F)F,97.42478895611612,water
[H]C([H])(C(F)(F)C(F)(F)C(F)(F)C(F)(F)F)S(=O)(=O)[O-],[H]C([H])([C](F)C(F)(F)C(F)(F)C(F)(F)F)S(=O)(=O)[O-],[F],112.70586361012136,water
[H]C([H])(C(F)(F)C(F)(F)C(F)(F)C(F)(F)F)S(=O)(=O)[O-],[H]C([H])([C](F)F)S(=O)(=O)[O-],F[C](F)C(F)(F)C(F)(F)F,87.94057880540095,water
[H]C([H])(C(F)(F)C(F)(F)C(F)(F)C(F)(F)F)S(=O)(=O)[O-],[H]C([H])(C(F)(F)[C](F)C(F)(F)C(F)(F)F)S(=O)(=O)[O-],[F],113.49259456593302,water
[H]C([H])(C(F)(F)C(F)(F)C(F)(F)C(F)(F)F)S(=O)(=O)[O-],[H]C([H])(C(F)(F)[C](F)F)S(=O)(=O)[O-],F[C](F)C(F)(F)F,87.60536278497625,water
[H]C([H])(C(F)(F)C(F)(F)C(F)(F)C(F)(F)F)S(=O)(=O)[O-],[H]C([H])(C(F)(F)C(F)(F)[C](F)C(F)(F)F)S(=O)(=O)[O-],[F],114.05747616647318,water
[H]C([H])(C(F)(F)C(F)(F)C(F)(F)C(F)(F)F)S(=O)(=O)[O-],[H]C([H])(C(F)(F)C(F)(F)[C](F)F)S(=O)(=O)[O-],F[C](F)F,92.62242673085213,water
[H]C([H])(C(F)(F)C(F)(F)C(F)(F)C(F)(F)F)S(=O)(=O)[O-],[H]C([H])(C(F)(F)C(F)(F)C(F)(F)[C](F)F)S(=O)(=O)[O-],[F],123.91828073116072,water
[H]C([H])(C(F)(F)C(F)(F)C(F)(F)C(F)(F)F)S(=O)(=O)[O-],[H][C]([H])C(F)(F)C(F)(F)C(F)(F)C(F)(F)F,O=[S](=O)[O-],72.80312076010432,water
[H]C([H])(C(F)(F)C(F)(F)C(F)(F)C(F)(F)F)S(=O)(=O)[O-],[H][C](C(F)(F)C(F)(F)C(F)(F)C(F)(F)F)S(=O)(=O)[O-],[H],103.61963394412214,water
[H]C([H])(C(F)(F)C(F)(F)C(F)(F)C(F)(F)F)C([H])([H])S(=O)(=O)[O-],[H][C]([H])C([H])([H])S(=O)(=O)[O-],F[C](F)C(F)(F)C(F)(F)C(F)(F)F,99.2302989625415,water
[H]C([H])(C(F)(F)C(F)(F)C(F)(F)C(F)(F)F)C([H])([H])S(=O)(=O)[O-],[H]C([H])([C](F)C(F)(F)C(F)(F)C(F)(F)F)C([H])([H])S(=O)(=O)[O-],[F],117.1963025184408,water
[H]C([H])(C(F)(F)C(F)(F)C(F)(F)C(F)(F)F)C([H])([H])S(=O)(=O)[O-],[H]C([H])([C](F)F)C([H])([H])S(=O)(=O)[O-],F[C](F)C(F)(F)C(F)(F)F,90.6425809092832,water
[H]C([H])(C(F)(F)C(F)(F)C(F)(F)C(F)(F)F)C([H])([H])S(=O)(=O)[O-],[H]C([H])(C(F)(F)[C](F)C(F)(F)C(F)(F)F)C([H])([H])S(=O)(=O)[O-],[F],114.83182885632118,water
[H]C([H])(C(F)(F)C(F)(F)C(F)(F)C(F)(F)F)C([H])([H])S(=O)(=O)[O-],[H]C([H])(C(F)(F)[C](F)F)C([H])([H])S(=O)(=O)[O-],F[C](F)C(F)(F)F,88.932316479071,water
[H]C([H])(C(F)(F)C(F)(F)C(F)(F)C(F)(F)F)C([H])([H])S(=O)(=O)[O-],[H]C([H])(C(F)(F)C(F)(F)[C](F)C(F)(F)F)C([H])([H])S(=O)(=O)[O-],[F],114.22992915553324,water
[H]C([H])(C(F)(F)C(F)(F)C(F)(F)C(F)(F)F)C([H])([H])S(=O)(=O)[O-],[H]C([H])(C(F)(F)C(F)(F)[C](F)F)C([H])([H])S(=O)(=O)[O-],F[C](F)F,92.46664247579702,water
[H]C([H])(C(F)(F)C(F)(F)C(F)(F)C(F)(F)F)C([H])([H])S(=O)(=O)[O-],[H]C([H])(C(F)(F)C(F)(F)C(F)(F)[C](F)F)C([H])([H])S(=O)(=O)[O-],[F],124.08401746627533,water
[H]C([H])(C(F)(F)C(F)(F)C(F)(F)C(F)(F)F)C([H])([H])S(=O)(=O)[O-],[H][C]([H])C(F)(F)C(F)(F)C(F)(F)C(F)(F)F,[H][C]([H])S(=O)(=O)[O-],96.56859216470366,water
[H]C([H])(C(F)(F)C(F)(F)C(F)(F)C(F)(F)F)C([H])([H])S(=O)(=O)[O-],[H][C]([H])C([H])([H])C(F)(F)C(F)(F)C(F)(F)C(F)(F)F,O=[S](=O)[O-],75.07818780587854,water
[H]C([H])(C(F)(F)C(F)(F)C(F)(F)C(F)(F)F)C([H])([H])S(=O)(=O)[O-],[H][C](C(F)(F)C(F)(F)C(F)(F)C(F)(F)F)C([H])([H])S(=O)(=O)[O-],[H],100.61344605593432,water
[H]C([H])(C(F)(F)C(F)(F)C(F)(F)C(F)(F)F)C([H])([H])S(=O)(=O)[O-],[H][C](C([H])([H])C(F)(F)C(F)(F)C(F)(F)C(F)(F)F)S(=O)(=O)[O-],[H],102.04964763006728,water
[H]C([H])(C(=O)[O-])C([H])([H])C(F)(F)C(F)(F)C(F)(F)C(F)(F)F,[H][C]([H])C([H])([H])C(F)(F)C(F)(F)C(F)(F)C(F)(F)F,O=[C][O-],84.02170810143559,water
[H]C([H])(C(=O)[O-])C([H])([H])C(F)(F)C(F)(F)C(F)(F)C(F)(F)F,[H][C]([H])C(=O)[O-],[H][C]([H])C(F)(F)C(F)(F)C(F)(F)C(F)(F)F,91.39129254881992,water
[H]C([H])(C(=O)[O-])C([H])([H])C(F)(F)C(F)(F)C(F)(F)C(F)(F)F,[H][C]([H])C([H])([H])C(=O)[O-],F[C](F)C(F)(F)C(F)(F)C(F)(F)F,100.96322613669828,water
[H]C([H])(C(=O)[O-])C([H])([H])C(F)(F)C(F)(F)C(F)(F)C(F)(F)F,[H]C([H])([C](F)C(F)(F)C(F)(F)C(F)(F)F)C([H])([H])C(=O)[O-],[F],115.81660376803144,water
[H]C([H])(C(=O)[O-])C([H])([H])C(F)(F)C(F)(F)C(F)(F)C(F)(F)F,[H]C([H])([C](F)F)C([H])([H])C(=O)[O-],F[C](F)C(F)(F)C(F)(F)F,90.49336326013758,water
[H]C([H])(C(=O)[O-])C([H])([H])C(F)(F)C(F)(F)C(F)(F)C(F)(F)F,[H]C([H])(C(=O)[O-])C([H])([H])C(F)(F)[C](F)C(F)(F)C(F)(F)F,[F],114.81598080359448,water
[H]C([H])(C(=O)[O-])C([H])([H])C(F)(F)C(F)(F)C(F)(F)C(F)(F)F,[H]C([H])(C(=O)[O-])C([H])([H])C(F)(F)[C](F)F,F[C](F)C(F)(F)F,88.4560685728627,water
[H]C([H])(C(=O)[O-])C([H])([H])C(F)(F)C(F)(F)C(F)(F)C(F)(F)F,[H]C([H])(C(=O)[O-])C([H])([H])C(F)(F)C(F)(F)[C](F)C(F)(F)F,[F],114.19492102154038,water
[H]C([H])(C(=O)[O-])C([H])([H])C(F)(F)C(F)(F)C(F)(F)C(F)(F)F,[H]C([H])(C(=O)[O-])C([H])([H])C(F)(F)C(F)(F)[C](F)F,F[C](F)F,92.87781980055854,water
[H]C([H])(C(=O)[O-])C([H])([H])C(F)(F)C(F)(F)C(F)(F)C(F)(F)F,[H]C([H])(C(=O)[O-])C([H])([H])C(F)(F)C(F)(F)C(F)(F)[C](F)F,[F],123.81975173399894,water
[H]C([H])(C(=O)[O-])C([H])([H])C(F)(F)C(F)(F)C(F)(F)C(F)(F)F,[H][C](C(=O)[O-])C([H])([H])C(F)(F)C(F)(F)C(F)(F)C(F)(F)F,[H],95.68495830257064,water
[H]C([H])(C(=O)[O-])C([H])([H])C(F)(F)C(F)(F)C(F)(F)C(F)(F)F,[H][C](C([H])([H])C(=O)[O-])C(F)(F)C(F)(F)C(F)(F)C(F)(F)F,[H],100.053173464064,water
[H]C([H])(C(=O)[O-])C(F)(F)C(F)(F)C(F)(F)C(F)(F)C(F)(F)C(F)(F)F,[H][C]([H])C(F)(F)C(F)(F)C(F)(F)C(F)(F)C(F)(F)C(F)(F)F,O=[C][O-],84.71937552853433,water
[H]C([H])(C(=O)[O-])C(F)(F)C(F)(F)C(F)(F)C(F)(F)C(F)(F)C(F)(F)F,[H][C]([H])C(=O)[O-],F[C](F)C(F)(F)C(F)(F)C(F)(F)C(F)(F)C(F)(F)F,95.94917655565725,water
[H]C([H])(C(=O)[O-])C(F)(F)C(F)(F)C(F)(F)C(F)(F)C(F)(F)C(F)(F)F,[H]C([H])([C](F)C(F)(F)C(F)(F)C(F)(F)C(F)(F)C(F)(F)F)C(=O)[O-],[F],114.97169966793422,water
[H]C([H])(C(=O)[O-])C(F)(F)C(F)(F)C(F)(F)C(F)(F)C(F)(F)C(F)(F)F,[H]C([H])([C](F)F)C(=O)[O-],F[C](F)C(F)(F)C(F)(F)C(F)(F)C(F)(F)F,90.58057936178216,water
[H]C([H])(C(=O)[O-])C(F)(F)C(F)(F)C(F)(F)C(F)(F)C(F)(F)C(F)(F)F,[H]C([H])(C(=O)[O-])C(F)(F)[C](F)C(F)(F)C(F)(F)C(F)(F)C(F)(F)F,[F],113.1003734463053,water
[H]C([H])(C(=O)[O-])C(F)(F)C(F)(F)C(F)(F)C(F)(F)C(F)(F)C(F)(F)F,[H]C([H])(C(=O)[O-])C(F)(F)[C](F)F,F[C](F)C(F)(F)C(F)(F)C(F)(F)F,88.22168762395222,water
[H]C([H])(C(=O)[O-])C(F)(F)C(F)(F)C(F)(F)C(F)(F)C(F)(F)C(F)(F)F,[H]C([H])(C(=O)[O-])C(F)(F)C(F)(F)[C](F)C(F)(F)C(F)(F)C(F)(F)F,[F],112.06800784003462,water
[H]C([H])(C(=O)[O-])C(F)(F)C(F)(F)C(F)(F)C(F)(F)C(F)(F)C(F)(F)F,[H]C([H])(C(=O)[O-])C(F)(F)C(F)(F)[C](F)F,F[C](F)C(F)(F)C(F)(F)F,85.7619530361444,water
[H]C([H])(C(=O)[O-])C(F)(F)C(F)(F)C(F)(F)C(F)(F)C(F)(F)C(F)(F)F,[H]C([H])(C(=O)[O-])C(F)(F)C(F)(F)C(F)(F)[C](F)C(F)(F)C(F)(F)F,[F],112.65044328992416,water
[H]C([H])(C(=O)[O-])C(F)(F)C(F)(F)C(F)(F)C(F)(F)C(F)(F)C(F)(F)F,[H]C([H])(C(=O)[O-])C(F)(F)C(F)(F)C(F)(F)[C](F)F,F[C](F)C(F)(F)F,87.14576937532229,water
[H]C([H])(C(=O)[O-])C(F)(F)C(F)(F)C(F)(F)C(F)(F)C(F)(F)C(F)(F)F,[H]C([H])(C(=O)[O-])C(F)(F)C(F)(F)C(F)(F)C(F)(F)[C](F)C(F)(F)F,[F],114.11212391293134,water
[H]C([H])(C(=O)[O-])C(F)(F)C(F)(F)C(F)(F)C(F)(F)C(F)(F)C(F)(F)F,[H]C([H])(C(=O)[O-])C(F)(F)C(F)(F)C(F)(F)C(F)(F)[C](F)F,F[C](F)F,92.0834240466928,water
[H]C([H])(C(=O)[O-])C(F)(F)C(F)(F)C(F)(F)C(F)(F)C(F)(F)C(F)(F)F,[H]C([H])(C(=O)[O-])C(F)(F)C(F)(F)C(F)(F)C(F)(F)C(F)(F)[C](F)F,[F],123.960086642158,water
[H]C([H])(C(=O)[O-])C(F)(F)C(F)(F)C(F)(F)C(F)(F)C(F)(F)C(F)(F)F,[H][C](C(=O)[O-])C(F)(F)C(F)(F)C(F)(F)C(F)(F)C(F)(F)C(F)(F)F,[H],100.8408618788701,water
[H]C([H])(C(F)(F)C(F)(F)C(F)(F)C(F)(F)C(F)(F)C(F)(F)F)S(=O)(=O)[O-],[H][C]([H])S(=O)(=O)[O-],F[C](F)C(F)(F)C(F)(F)C(F)(F)C(F)(F)C(F)(F)F,97.65931544182536,water
[H]C([H])(C(F)(F)C(F)(F)C(F)(F)C(F)(F)C(F)(F)C(F)(F)F)S(=O)(=O)[O-],[H]C([H])([C](F)C(F)(F)C(F)(F)C(F)(F)C(F)(F)C(F)(F)F)S(=O)(=O)[O-],[F],113.49353078760146,water
[H]C([H])(C(F)(F)C(F)(F)C(F)(F)C(F)(F)C(F)(F)C(F)(F)F)S(=O)(=O)[O-],[H]C([H])([C](F)F)S(=O)(=O)[O-],F[C](F)C(F)(F)C(F)(F)C(F)(F)C(F)(F)F,88.67535919382135,water
[H]C([H])(C(F)(F)C(F)(F)C(F)(F)C(F)(F)C(F)(F)C(F)(F)F)S(=O)(=O)[O-],[H]C([H])(C(F)(F)[C](F)C(F)(F)C(F)(F)C(F)(F)C(F)(F)F)S(=O)(=O)[O-],[F],114.26809510878913,water
[H]C([H])(C(F)(F)C(F)(F)C(F)(F)C(F)(F)C(F)(F)C(F)(F)F)S(=O)(=O)[O-],[H]C([H])(C(F)(F)[C](F)F)S(=O)(=O)[O-],F[C](F)C(F)(F)C(F)(F)C(F)(F)F,86.81110711593647,water
[H]C([H])(C(F)(F)C(F)(F)C(F)(F)C(F)(F)C(F)(F)C(F)(F)F)S(=O)(=O)[O-],[H]C([H])(C(F)(F)C(F)(F)[C](F)C(F)(F)C(F)(F)C(F)(F)F)S(=O)(=O)[O-],[F],112.31059605401356,water
[H]C([H])(C(F)(F)C(F)(F)C(F)(F)C(F)(F)C(F)(F)C(F)(F)F)S(=O)(=O)[O-],[H]C([H])(C(F)(F)C(F)(F)[C](F)F)S(=O)(=O)[O-],F[C](F)C(F)(F)C(F)(F)F,85.7598010754748,water
[H]C([H])(C(F)(F)C(F)(F)C(F)(F)C(F)(F)C(F)(F)C(F)(F)F)S(=O)(=O)[O-],[H]C([H])(C(F)(F)C(F)(F)C(F)(F)[C](F)C(F)(F)C(F)(F)F)S(=O)(=O)[O-],[F],112.7652234460868,water
[H]C([H])(C(F)(F)C(F)(F)C(F)(F)C(F)(F)C(F)(F)C(F)(F)F)S(=O)(=O)[O-],[H]C([H])(C(F)(F)C(F)(F)C(F)(F)[C](F)F)S(=O)(=O)[O-],F[C](F)C(F)(F)F,86.64194634799856,water
[H]C([H])(C(F)(F)C(F)(F)C(F)(F)C(F)(F)C(F)(F)C(F)(F)F)S(=O)(=O)[O-],[H]C([H])(C(F)(F)C(F)(F)C(F)(F)C(F)(F)[C](F)C(F)(F)F)S(=O)(=O)[O-],[F],114.26966496021578,water
[H]C([H])(C(F)(F)C(F)(F)C(F)(F)C(F)(F)C(F)(F)C(F)(F)F)S(=O)(=O)[O-],[H]C([H])(C(F)(F)C(F)(F)C(F)(F)C(F)(F)[C](F)F)S(=O)(=O)[O-],F[C](F)F,92.21948172281144,water
[H]C([H])(C(F)(F)C(F)(F)C(F)(F)C(F)(F)C(F)(F)C(F)(F)F)S(=O)(=O)[O-],[H]C([H])(C(F)(F)C(F)(F)C(F)(F)C(F)(F)C(F)(F)[C](F)F)S(=O)(=O)[O-],[F],124.56280721598203,water
[H]C([H])(C(F)(F)C(F)(F)C(F)(F)C(F)(F)C(F)(F)C(F)(F)F)S(=O)(=O)[O-],[H][C]([H])C(F)(F)C(F)(F)C(F)(F)C(F)(F)C(F)(F)C(F)(F)F,O=[S](=O)[O-],72.30869450326168,water
[H]C([H])(C(F)(F)C(F)(F)C(F)(F)C(F)(F)C(F)(F)C(F)(F)F)S(=O)(=O)[O-],[H][C](C(F)(F)C(F)(F)C(F)(F)C(F)(F)C(F)(F)C(F)(F)F)S(=O)(=O)[O-],[H],104.640714546656,water
[H]C([H])(C(=O)[O-])C([H])([H])C(F)(F)C(F)(F)C(F)(F)C(F)(F)C(F)(F)C(F)(F)F,[H][C]([H])C([H])([H])C(F)(F)C(F)(F)C(F)(F)C(F)(F)C(F)(F)C(F)(F)F,O=[C][O-],83.79167350742534,water
[H]C([H])(C(=O)[O-])C([H])([H])C(F)(F)C(F)(F)C(F)(F)C(F)(F)C(F)(F)C(F)(F)F,[H][C]([H])C(=O)[O-],[H][C]([H])C(F)(F)C(F)(F)C(F)(F)C(F)(F)C(F)(F)C(F)(F)F,90.48942674672104,water
[H]C([H])(C(=O)[O-])C([H])([H])C(F)(F)C(F)(F)C(F)(F)C(F)(F)C(F)(F)C(F)(F)F,[H][C]([H])C([H])([H])C(=O)[O-],F[C](F)C(F)(F)C(F)(F)C(F)(F)C(F)(F)C(F)(F)F,100.79031307729394,water
[H]C([H])(C(=O)[O-])C([H])([H])C(F)(F)C(F)(F)C(F)(F)C(F)(F)C(F)(F)C(F)(F)F,[H]C([H])([C](F)C(F)(F)C(F)(F)C(F)(F)C(F)(F)C(F)(F)F)C([H])([H])C(=O)[O-],[F],116.76237513327692,water
[H]C([H])(C(=O)[O-])C([H])([H])C(F)(F)C(F)(F)C(F)(F)C(F)(F)C(F)(F)C(F)(F)F,[H]C([H])([C](F)F)C([H])([H])C(=O)[O-],F[C](F)C(F)(F)C(F)(F)C(F)(F)C(F)(F)F,90.82070410330176,water
[H]C([H])(C(=O)[O-])C([H])([H])C(F)(F)C(F)(F)C(F)(F)C(F)(F)C(F)(F)C(F)(F)F,[H]C([H])(C(=O)[O-])C([H])([H])C(F)(F)[C](F)C(F)(F)C(F)(F)C(F)(F)C(F)(F)F,[F],114.9651667394994,water
[H]C([H])(C(=O)[O-])C([H])([H])C(F)(F)C(F)(F)C(F)(F)C(F)(F)C(F)(F)C(F)(F)F,[H]C([H])(C(=O)[O-])C([H])([H])C(F)(F)[C](F)F,F[C](F)C(F)(F)C(F)(F)C(F)(F)F,87.25437335899471,water
[H]C([H])(C(=O)[O-])C([H])([H])C(F)(F)C(F)(F)C(F)(F)C(F)(F)C(F)(F)C(F)(F)F,[H]C([H])(C(=O)[O-])C([H])([H])C(F)(F)C(F)(F)[C](F)F,F[C](F)C(F)(F)C(F)(F)F,85.60775460021034,water
[H]C([H])(C(=O)[O-])C([H])([H])C(F)(F)C(F)(F)C(F)(F)C(F)(F)C(F)(F)C(F)(F)F,[H]C([H])(C(=O)[O-])C([H])([H])C(F)(F)C(F)(F)C(F)(F)[C](F)C(F)(F)C(F)(F)F,[F],111.81870605329608,water
[H]C([H])(C(=O)[O-])C([H])([H])C(F)(F)C(F)(F)C(F)(F)C(F)(F)C(F)(F)C(F)(F)F,[H]C([H])(C(=O)[O-])C([H])([H])C(F)(F)C(F)(F)C(F)(F)[C](F)F,F[C](F)C(F)(F)F,86.1359778057232,water
[H]C([H])(C(=O)[O-])C([H])([H])C(F)(F)C(F)(F)C(F)(F)C(F)(F)C(F)(F)C(F)(F)F,[H]C([H])(C(=O)[O-])C([H])([H])C(F)(F)C(F)(F)C(F)(F)C(F)(F)[C](F)C(F)(F)F,[F],113.86553058658592,water
[H]C([H])(C(=O)[O-])C([H])([H])C(F)(F)C(F)(F)C(F)(F)C(F)(F)C(F)(F)C(F)(F)F,[H]C([H])(C(=O)[O-])C([H])([H])C(F)(F)C(F)(F)C(F)(F)C(F)(F)[C](F)F,F[C](F)F,92.1671656368261,water
[H]C([H])(C(=O)[O-])C([H])([H])C(F)(F)C(F)(F)C(F)(F)C(F)(F)C(F)(F)C(F)(F)F,[H]C([H])(C(=O)[O-])C([H])([H])C(F)(F)C(F)(F)C(F)(F)C(F)(F)C(F)(F)[C](F)F,[F],123.5985467567707,water
[H]C([H])(C(=O)[O-])C([H])([H])C(F)(F)C(F)(F)C(F)(F)C(F)(F)C(F)(F)C(F)(F)F,[H][C](C(=O)[O-])C([H])([H])C(F)(F)C(F)(F)C(F)(F)C(F)(F)C(F)(F)C(F)(F)F,[H],95.39534146700304,water
[H]C([H])(C(=O)[O-])C([H])([H])C(F)(F)C(F)(F)C(F)(F)C(F)(F)C(F)(F)C(F)(F)F,[H][C](C([H])([H])C(=O)[O-])C(F)(F)C(F)(F)C(F)(F)C(F)(F)C(F)(F)C(F)(F)F,[H],100.0046644395286,water
[H]C([H])(C(F)(F)C(F)(F)C(F)(F)C(F)(F)C(F)(F)C(F)(F)F)C([H])([H])S(=O)(=O)[O-],[H][C]([H])C([H])([H])S(=O)(=O)[O-],F[C](F)C(F)(F)C(F)(F)C(F)(F)C(F)(F)C(F)(F)F,99.31034003668742,water
[H]C([H])(C(F)(F)C(F)(F)C(F)(F)C(F)(F)C(F)(F)C(F)(F)F)C([H])([H])S(=O)(=O)[O-],[H]C([H])([C](F)C(F)(F)C(F)(F)C(F)(F)C(F)(F)C(F)(F)F)C([H])([H])S(=O)(=O)[O-],[F],117.01248503202235,water
[H]C([H])(C(F)(F)C(F)(F)C(F)(F)C(F)(F)C(F)(F)C(F)(F)F)C([H])([H])S(=O)(=O)[O-],[H]C([H])([C](F)F)C([H])([H])S(=O)(=O)[O-],F[C](F)C(F)(F)C(F)(F)C(F)(F)C(F)(F)F,91.2228758859976,water
[H]C([H])(C(F)(F)C(F)(F)C(F)(F)C(F)(F)C(F)(F)C(F)(F)F)C([H])([H])S(=O)(=O)[O-],[H]C([H])(C(F)(F)[C](F)C(F)(F)C(F)(F)C(F)(F)C(F)(F)F)C([H])([H])S(=O)(=O)[O-],[F],113.89683242132264,water
[H]C([H])(C(F)(F)C(F)(F)C(F)(F)C(F)(F)C(F)(F)C(F)(F)F)C([H])([H])S(=O)(=O)[O-],[H]C([H])(C(F)(F)[C](F)F)C([H])([H])S(=O)(=O)[O-],F[C](F)C(F)(F)C(F)(F)C(F)(F)F,87.98357539861058,water
[H]C([H])(C(F)(F)C(F)(F)C(F)(F)C(F)(F)C(F)(F)C(F)(F)F)C([H])([H])S(=O)(=O)[O-],[H]C([H])(C(F)(F)C(F)(F)[C](F)C(F)(F)C(F)(F)C(F)(F)F)C([H])([H])S(=O)(=O)[O-],[F],113.25615388118422,water
[H]C([H])(C(F)(F)C(F)(F)C(F)(F)C(F)(F)C(F)(F)C(F)(F)F)C([H])([H])S(=O)(=O)[O-],[H]C([H])(C(F)(F)C(F)(F)[C](F)F)C([H])([H])S(=O)(=O)[O-],F[C](F)C(F)(F)C(F)(F)F,85.44953140899906,water
[H]C([H])(C(F)(F)C(F)(F)C(F)(F)C(F)(F)C(F)(F)C(F)(F)F)C([H])([H])S(=O)(=O)[O-],[H]C([H])(C(F)(F)C(F)(F)C(F)(F)[C](F)C(F)(F)C(F)(F)F)C([H])([H])S(=O)(=O)[O-],[F],112.71919320068264,water
[H]C([H])(C(F)(F)C(F)(F)C(F)(F)C(F)(F)C(F)(F)C(F)(F)F)C([H])([H])S(=O)(=O)[O-],[H]C([H])(C(F)(F)C(F)(F)C(F)(F)[C](F)F)C([H])([H])S(=O)(=O)[O-],F[C](F)C(F)(F)F,86.65319767154983,water
[H]C([H])(C(F)(F)C(F)(F)C(F)(F)C(F)(F)C(F)(F)C(F)(F)F)C([H])([H])S(=O)(=O)[O-],[H]C([H])(C(F)(F)C(F)(F)C(F)(F)C(F)(F)[C](F)C(F)(F)F)C([H])([H])S(=O)(=O)[O-],[F],114.53768399097272,water
[H]C([H])(C(F)(F)C(F)(F)C(F)(F)C(F)(F)C(F)(F)C(F)(F)F)C([H])([H])S(=O)(=O)[O-],[H]C([H])(C(F)(F)C(F)(F)C(F)(F)C(F)(F)[C](F)F)C([H])([H])S(=O)(=O)[O-],F[C](F)F,92.1562471742493,water
[H]C([H])(C(F)(F)C(F)(F)C(F)(F)C(F)(F)C(F)(F)C(F)(F)F)C([H])([H])S(=O)(=O)[O-],[H]C([H])(C(F)(F)C(F)(F)C(F)(F)C(F)(F)C(F)(F)[C](F)F)C([H])([H])S(=O)(=O)[O-],[F],123.93285291267377,water
[H]C([H])(C(F)(F)C(F)(F)C(F)(F)C(F)(F)C(F)(F)C(F)(F)F)C([H])([H])S(=O)(=O)[O-],[H][C]([H])C(F)(F)C(F)(F)C(F)(F)C(F)(F)C(F)(F)C(F)(F)F,[H][C]([H])S(=O)(=O)[O-],95.91968049644038,water
[H]C([H])(C(F)(F)C(F)(F)C(F)(F)C(F)(F)C(F)(F)C(F)(F)F)C([H])([H])S(=O)(=O)[O-],[H][C]([H])C([H])([H])C(F)(F)C(F)(F)C(F)(F)C(F)(F)C(F)(F)C(F)(F)F,O=[S](=O)[O-],75.1011073457039,water
[H]C([H])(C(F)(F)C(F)(F)C(F)(F)C(F)(F)C(F)(F)C(F)(F)F)C([H])([H])S(=O)(=O)[O-],[H][C](C(F)(F)C(F)(F)C(F)(F)C(F)(F)C(F)(F)C(F)(F)F)C([H])([H])S(=O)(=O)[O-],[H],100.76517994819028,water
[H]C([H])(C(F)(F)C(F)(F)C(F)(F)C(F)(F)C(F)(F)C(F)(F)F)C([H])([H])S(=O)(=O)[O-],[H][C](C([H])([H])C(F)(F)C(F)(F)C(F)(F)C(F)(F)C(F)(F)C(F)(F)F)S(=O)(=O)[O-],[H],102.06941715149355,water
O=C([O-])C(F)(OC(F)(F)C(F)(F)C(F)(F)F)C(F)(F)F,O=[C][O-],F[C](OC(F)(F)C(F)(F)C(F)(F)F)C(F)(F)F,86.21725760513073,water
O=C([O-])C(F)(OC(F)(F)C(F)(F)C(F)(F)F)C(F)(F)F,O=C([O-])[C](OC(F)(F)C(F)(F)C(F)(F)F)C(F)(F)F,[F],111.4663260483735,water
O=C([O-])C(F)(OC(F)(F)C(F)(F)C(F)(F)F)C(F)(F)F,O=C([O-])[C](F)C(F)(F)F,[O]C(F)(F)C(F)(F)C(F)(F)F,90.5820980747825,water
O=C([O-])C(F)(OC(F)(F)C(F)(F)C(F)(F)F)C(F)(F)F,[O]C(F)(C(=O)[O-])C(F)(F)F,F[C](F)C(F)(F)C(F)(F)F,77.54264680420704,water
O=C([O-])C(F)(OC(F)(F)C(F)(F)C(F)(F)F)C(F)(F)F,O=C([O-])C(F)(O[C](F)C(F)(F)C(F)(F)F)C(F)(F)F,[F],120.08408020506522,water
O=C([O-])C(F)(OC(F)(F)C(F)(F)C(F)(F)F)C(F)(F)F,O=C([O-])C(F)(O[C](F)F)C(F)(F)F,F[C](F)C(F)(F)F,91.32056098077442,water
O=C([O-])C(F)(OC(F)(F)C(F)(F)C(F)(F)F)C(F)(F)F,O=C([O-])C(F)(OC(F)(F)[C](F)C(F)(F)F)C(F)(F)F,[F],115.65042245772077,water
O=C([O-])C(F)(OC(F)(F)C(F)(F)C(F)(F)F)C(F)(F)F,O=C([O-])C(F)(OC(F)(F)[C](F)F)C(F)(F)F,F[C](F)F,94.52324692019602,water
O=C([O-])C(F)(OC(F)(F)C(F)(F)C(F)(F)F)C(F)(F)F,O=C([O-])C(F)(OC(F)(F)C(F)(F)[C](F)F)C(F)(F)F,[F],124.64292054988393,water
O=C([O-])C(F)(OC(F)(F)C(F)(F)C(F)(F)F)C(F)(F)F,O=C([O-])[C](F)OC(F)(F)C(F)(F)C(F)(F)F,F[C](F)F,90.9722817421482,water
O=C([O-])C(F)(OC(F)(F)C(F)(F)C(F)(F)F)C(F)(F)F,O=C([O-])C(F)(OC(F)(F)C(F)(F)C(F)(F)F)[C](F)F,[F],125.79798429638174,water
O=S(=O)([O-])C(F)(OC(F)(F)C(F)(F)C(F)(F)F)C(F)(F)F,O=[S](=O)[O-],F[C](OC(F)(F)C(F)(F)C(F)(F)F)C(F)(F)F,65.11471430291408,water
O=S(=O)([O-])C(F)(OC(F)(F)C(F)(F)C(F)(F)F)C(F)(F)F,O=S(=O)([O-])[C](OC(F)(F)C(F)(F)C(F)(F)F)C(F)(F)F,[F],110.77399872334752,water
O=S(=O)([O-])C(F)(OC(F)(F)C(F)(F)C(F)(F)F)C(F)(F)F,O=S(=O)([O-])[C](F)C(F)(F)F,[O]C(F)(F)C(F)(F)C(F)(F)F,91.20001477039864,water
O=S(=O)([O-])C(F)(OC(F)(F)C(F)(F)C(F)(F)F)C(F)(F)F,O=S(=O)([O-])C(F)(O[C](F)C(F)(F)C(F)(F)F)C(F)(F)F,[F],117.3276401703572,water
O=S(=O)([O-])C(F)(OC(F)(F)C(F)(F)C(F)(F)F)C(F)(F)F,O=S(=O)([O-])C(F)(O[C](F)F)C(F)(F)F,F[C](F)C(F)(F)F,89.37830426742835,water
O=S(=O)([O-])C(F)(OC(F)(F)C(F)(F)C(F)(F)F)C(F)(F)F,O=S(=O)([O-])C(F)(OC(F)(F)[C](F)C(F)(F)F)C(F)(F)F,[F],116.01775887027088,water
O=S(=O)([O-])C(F)(OC(F)(F)C(F)(F)C(F)(F)F)C(F)(F)F,O=S(=O)([O-])C(F)(OC(F)(F)[C](F)F)C(F)(F)F,F[C](F)F,94.25137193158888,water
O=S(=O)([O-])C(F)(OC(F)(F)C(F)(F)C(F)(F)F)C(F)(F)F,O=S(=O)([O-])C(F)(OC(F)(F)C(F)(F)[C](F)F)C(F)(F)F,[F],124.17210167659618,water
O=S(=O)([O-])C(F)(OC(F)(F)C(F)(F)C(F)(F)F)C(F)(F)F,O=S(=O)([O-])[C](F)OC(F)(F)C(F)(F)C(F)(F)F,F[C](F)F,90.04683324432051,water
O=S(=O)([O-])C(F)(OC(F)(F)C(F)(F)C(F)(F)F)C(F)(F)F,O=S(=O)([O-])C(F)(OC(F)(F)C(F)(F)C(F)(F)F)[C](F)F,[F],122.68433889627374,water
[H]C([H])([H])[H],[H][C]([H])[H],[H],112.24999237500332,gas
[H]C([H])([H])F,[H][C]([H])[H],[F],115.73816447499382,gas
[H]C([H])([H])F,[H][C]([H])F,[H],107.42404047499718,gas
[H]C([H])(F)F,[H][C]([H])F,[F],122.85107150000704,gas
[H]C([H])(F)F,[H][C](F)F,[H],106.80819314999972,gas
[H]C(F)(F)F,[H][C](F)F,[F],128.61856205001928,gas
[H]C(F)(F)F,F[C](F)F,[H],111.38081702498326,gas
FC(F)(F)F,[F],F[C](F)F,130.75140944996477,gas
[H]OC(=O)C([H])([H])[H],[H][O],[H]C([H])([H])[C]=O,113.23501049999096,gas
[H]OC(=O)C([H])([H])[H],[H]O[C]=O,[H][C]([H])[H],101.74583062500638,gas
[H]OC(=O)C([H])([H])[H],[H]C([H])([H])C([O])=O,[H],115.66753935002232,gas
[H]OC(=O)C([H])([H])[H],[H]OC(=O)[C]([H])[H],[H],104.96397692500608,gas
[H]OC(=O)C([H])([H])F,[H][O],[H]C([H])(F)[C]=O,112.12402175001372,gas
[H]OC(=O)C([H])([H])F,[H]O[C]=O,[H][C]([H])F,95.88482375000126,gas
[H]OC(=O)C([H])([H])F,[H]OC(=O)[C]([H])[H],[F],107.41709405001544,gas
[H]OC(=O)C([H])([H])F,[H]C([H])(F)C([O])=O,[H],117.60209674998691,gas
[H]OC(=O)C([H])([H])F,[H]OC(=O)[C]([H])F,[H],98.56981467500589,gas
[H]OC(=O)C([H])(F)F,[H][O],[H]C(F)(F)[C]=O,112.85466392503024,gas
[H]OC(=O)C([H])(F)F,[H]O[C]=O,[H][C](F)F,91.34574602500224,gas
[H]OC(=O)C([H])(F)F,[H]OC(=O)[C]([H])F,[F],110.07361530001418,gas
[H]OC(=O)C([H])(F)F,[H]C(F)(F)C([O])=O,[H],95.74915824999422,gas
[H]OC(=O)C([H])(F)F,[H]OC(=O)[C](F)F,[H],99.75813025000974,gas
[H]OC(=O)C(F)(F)F,[H][O],O=[C]C(F)(F)F,113.38393507499376,gas
[H]OC(=O)C(F)(F)F,[H]O[C]=O,F[C](F)F,93.00122907496302,gas
[H]OC(=O)C(F)(F)F,[H]OC(=O)[C](F)F,[F],118.65135832504222,gas
[H]OC(=O)C(F)(F)F,[O]C(=O)C(F)(F)F,[H],97.60080407497838,gas
[H]OS(=O)(=O)C([H])([H])[H],[H][O],[H]C([H])([H])[S](=O)=O,91.70205307497582,gas
[H]OS(=O)(=O)C([H])([H])[H],[H]O[S](=O)=O,[H][C]([H])[H],83.5626501749718,gas
[H]OS(=O)(=O)C([H])([H])[H],[H]C([H])([H])S([O])(=O)=O,[H],113.42016064998148,gas
[H]OS(=O)(=O)C([H])([H])[H],[H]OS(=O)(=O)[C]([H])[H],[H],111.71585809999414,gas
[H]OS(=O)(=O)C([H])([H])F,[H][O],[H]C([H])(F)[S](=O)=O,91.8791021999604,gas
[H]OS(=O)(=O)C([H])([H])F,[H]O[S](=O)=O,[H][C]([H])F,73.97310104999576,gas
[H]OS(=O)(=O)C([H])([H])F,[H]OS(=O)(=O)[C]([H])[H],[F],110.44043297501474,gas
[H]OS(=O)(=O)C([H])([H])F,[H]C([H])(F)S([O])(=O)=O,[H],113.01290687500595,gas
[H]OS(=O)(=O)C([H])([H])F,[H]OS(=O)(=O)[C]([H])F,[H],106.74080592495729,gas
[H]OS(=O)(=O)C([H])(F)F,[H][O],[H]C(F)(F)[S](=O)=O,90.55810802492914,gas
[H]OS(=O)(=O)C([H])(F)F,[H]O[S](=O)=O,[H][C](F)F,69.05203269998026,gas
[H]OS(=O)(=O)C([H])(F)F,[H]OS(=O)(=O)[C]([H])F,[F],117.86261592498477,gas
[H]OS(=O)(=O)C([H])(F)F,[H]C(F)(F)S([O])(=O)=O,[H],114.25755312496676,gas
[H]OS(=O)(=O)C([H])(F)F,[H]OS(=O)(=O)[C](F)F,[H],105.20222612495814,gas
[H]OS(=O)(=O)C(F)(F)F,[H][O],O=[S](=O)C(F)(F)F,91.6949874250065,gas
[H]OS(=O)(=O)C(F)(F)F,[H]O[S](=O)=O,F[C](F)F,69.72691522502913,gas
[H]OS(=O)(=O)C(F)(F)F,[H]OS(=O)(=O)[C](F)F,[F],123.11485367504304,gas
[H]OS(=O)(=O)C(F)(F)F,[O]S(=O)(=O)C(F)(F)F,[H],116.02207057499612,gas
[H]OC(=O)C(F)(F)C(F)(F)F,[H][O],O=[C]C(F)(F)C(F)(F)F,113.32204474997808,gas
[H]OC(=O)C(F)(F)C(F)(F)F,[H]O[C]=O,F[C](F)C(F)(F)F,89.72515825004393,gas
[H]OC(=O)C(F)(F)C(F)(F)F,[H]OC(=O)[C](F)C(F)(F)F,[F],110.2268884500424,gas
[H]OC(=O)C(F)(F)C(F)(F)F,[H]OC(=O)[C](F)F,F[C](F)F,87.4710213749745,gas
[H]OC(=O)C(F)(F)C(F)(F)F,[H]OC(=O)C(F)(F)[C](F)F,[F],125.47619265004728,gas
[H]OC(=O)C(F)(F)C(F)(F)F,[O]C(=O)C(F)(F)C(F)(F)F,[H],119.83258942499047,gas
[H]OS(=O)(=O)C(F)(F)C(F)(F)F,[H][O],O=[S](=O)C(F)(F)C(F)(F)F,91.3122187000505,gas
[H]OS(=O)(=O)C(F)(F)C(F)(F)F,[H]O[S](=O)=O,F[C](F)C(F)(F)F,65.91791492495531,gas
[H]OS(=O)(=O)C(F)(F)C(F)(F)F,[H]OS(=O)(=O)[C](F)C(F)(F)F,[F],115.40260884996712,gas
[H]OS(=O)(=O)C(F)(F)C(F)(F)F,[H]OS(=O)(=O)[C](F)F,F[C](F)F,91.40158724989192,gas
[H]OS(=O)(=O)C(F)(F)C(F)(F)F,[H]OS(=O)(=O)C(F)(F)[C](F)F,[F],123.7448448499356,gas
[H]OS(=O)(=O)C(F)(F)C(F)(F)F,[O]S(=O)(=O)C(F)(F)C(F)(F)F,[H],116.06016609996914,gas
[H]OC(=O)C(F)(F)C(F)(F)C(F)(F)F,[H][O],O=[C]C(F)(F)C(F)(F)C(F)(F)F,113.62454994996769,gas
[H]OC(=O)C(F)(F)C(F)(F)C(F)(F)F,[H]O[C]=O,F[C](F)C(F)(F)C(F)(F)F,88.7920531999643,gas
[H]OC(=O)C(F)(F)C(F)(F)C(F)(F)F,[H]OC(=O)[C](F)C(F)(F)C(F)(F)F,[F],108.92032677504602,gas
[H]OC(=O)C(F)(F)C(F)(F)C(F)(F)F,[H]OC(=O)[C](F)F,F[C](F)C(F)(F)F,83.09408337501054,gas
[H]OC(=O)C(F)(F)C(F)(F)C(F)(F)F,[H]OC(=O)C(F)(F)[C](F)C(F)(F)F,[F],117.59648690003104,gas
[H]OC(=O)C(F)(F)C(F)(F)C(F)(F)F,[H]OC(=O)C(F)(F)[C](F)F,F[C](F)F,93.19498852493469,gas
[H]OC(=O)C(F)(F)C(F)(F)C(F)(F)F,[H]OC(=O)C(F)(F)C(F)(F)[C](F)F,[F],124.81525317500171,gas
[H]OC(=O)C(F)(F)C(F)(F)C(F)(F)F,[O]C(=O)C(F)(F)C(F)(F)C(F)(F)F,[H],93.24498145000037,gas
[H]OS(=O)(=O)C(F)(F)C(F)(F)C(F)(F)F,[H][O],O=[S](=O)C(F)(F)C(F)(F)C(F)(F)F,90.85051047510832,gas
[H]OS(=O)(=O)C(F)(F)C(F)(F)C(F)(F)F,[H]O[S](=O)=O,F[C](F)C(F)(F)C(F)(F)F,64.90652924998415,gas
[H]OS(=O)(=O)C(F)(F)C(F)(F)C(F)(F)F,[H]OS(=O)(=O)[C](F)C(F)(F)C(F)(F)F,[F],113.69974327504964,gas
[H]OS(=O)(=O)C(F)(F)C(F)(F)C(F)(F)F,[H]OS(=O)(=O)[C](F)F,F[C](F)C(F)(F)F,86.94636862496509,gas
[H]OS(=O)(=O)C(F)(F)C(F)(F)C(F)(F)F,[H]OS(=O)(=O)C(F)(F)[C](F)C(F)(F)F,[F],114.92862044991398,gas
[H]OS(=O)(=O)C(F)(F)C(F)(F)C(F)(F)F,[H]OS(=O)(=O)C(F)(F)[C](F)F,F[C](F)F,91.3853601000028,gas
[H]OS(=O)(=O)C(F)(F)C(F)(F)C(F)(F)F,[H]OS(=O)(=O)C(F)(F)C(F)(F)[C](F)F,[F],124.66086307501484,gas
[H]OS(=O)(=O)C(F)(F)C(F)(F)C(F)(F)F,[O]S(=O)(=O)C(F)(F)C(F)(F)C(F)(F)F,[H],116.06630932506278,gas
[H]OS(=O)(=O)C(F)(F)C(F)(F)C(F)(F)C(F)(F)F,[H][O],O=[S](=O)C(F)(F)C(F)(F)C(F)(F)C(F)(F)F,90.81483082505429,gas
[H]OS(=O)(=O)C(F)(F)C(F)(F)C(F)(F)C(F)(F)F,[H]O[S](=O)=O,F[C](F)C(F)(F)C(F)(F)C(F)(F)F,65.21143777509678,gas
[H]OS(=O)(=O)C(F)(F)C(F)(F)C(F)(F)C(F)(F)F,[H]OS(=O)(=O)[C](F)C(F)(F)C(F)(F)C(F)(F)F,[F],113.14240405000646,gas
[H]OS(=O)(=O)C(F)(F)C(F)(F)C(F)(F)C(F)(F)F,[H]OS(=O)(=O)[C](F)F,F[C](F)C(F)(F)C(F)(F)F,85.53548507503592,gas
[H]OS(=O)(=O)C(F)(F)C(F)(F)C(F)(F)C(F)(F)F,[H]OS(=O)(=O)C(F)(F)[C](F)C(F)(F)C(F)(F)F,[F],113.33738712495006,gas
[H]OS(=O)(=O)C(F)(F)C(F)(F)C(F)(F)C(F)(F)F,[H]OS(=O)(=O)C(F)(F)[C](F)F,F[C](F)C(F)(F)F,86.53064359997529,gas
[H]OS(=O)(=O)C(F)(F)C(F)(F)C(F)(F)C(F)(F)F,[H]OS(=O)(=O)C(F)(F)C(F)(F)[C](F)C(F)(F)F,[F],115.27196962498806,gas
[H]OS(=O)(=O)C(F)(F)C(F)(F)C(F)(F)C(F)(F)F,[H]OS(=O)(=O)C(F)(F)C(F)(F)[C](F)F,F[C](F)F,91.90188044998138,gas
[H]OS(=O)(=O)C(F)(F)C(F)(F)C(F)(F)C(F)(F)F,[H]OS(=O)(=O)C(F)(F)C(F)(F)C(F)(F)[C](F)F,[F],124.50857509998345,gas
[H]OS(=O)(=O)C(F)(F)C(F)(F)C(F)(F)C(F)(F)F,[O]S(=O)(=O)C(F)(F)C(F)(F)C(F)(F)C(F)(F)F,[H],115.87653450011317,gas
[H]OC(=O)C(F)(F)C(F)(F)C(F)(F)C(F)(F)F,[H][O],O=[C]C(F)(F)C(F)(F)C(F)(F)C(F)(F)F,112.91019767492573,gas
[H]OC(=O)C(F)(F)C(F)(F)C(F)(F)C(F)(F)F,[H]O[C]=O,F[C](F)C(F)(F)C(F)(F)C(F)(F)F,89.07310417491317,gas
[H]OC(=O)C(F)(F)C(F)(F)C(F)(F)C(F)(F)F,[H]OC(=O)[C](F)C(F)(F)C(F)(F)C(F)(F)F,[F],108.5339499249386,gas
[H]OC(=O)C(F)(F)C(F)(F)C(F)(F)C(F)(F)F,[H]OC(=O)[C](F)F,F[C](F)C(F)(F)C(F)(F)F,81.65934227484627,gas
[H]OC(=O)C(F)(F)C(F)(F)C(F)(F)C(F)(F)F,[H]OC(=O)C(F)(F)[C](F)C(F)(F)C(F)(F)F,[F],115.45033649987658,gas
[H]OC(=O)C(F)(F)C(F)(F)C(F)(F)C(F)(F)F,[H]OC(=O)C(F)(F)[C](F)F,F[C](F)C(F)(F)F,88.31641447502875,gas
[H]OC(=O)C(F)(F)C(F)(F)C(F)(F)C(F)(F)F,[H]OC(=O)C(F)(F)C(F)(F)[C](F)C(F)(F)F,[F],115.56172402485004,gas
[H]OC(=O)C(F)(F)C(F)(F)C(F)(F)C(F)(F)F,[H]OC(=O)C(F)(F)C(F)(F)[C](F)F,F[C](F)F,92.03241299994716,gas
[H]OC(=O)C(F)(F)C(F)(F)C(F)(F)C(F)(F)F,[H]OC(=O)C(F)(F)C(F)(F)C(F)(F)[C](F)F,[F],124.577367924839,gas
[H]OC(=O)C(F)(F)C(F)(F)C(F)(F)C(F)(F)F,[O]C(=O)C(F)(F)C(F)(F)C(F)(F)C(F)(F)F,[H],93.02541292502896,gas
[H]OS(=O)(=O)C(F)(F)C(F)(F)C(F)(F)C(F)(F)C(F)(F)F,[H][O],O=[S](=O)C(F)(F)C(F)(F)C(F)(F)C(F)(F)C(F)(F)F,90.69623959993066,gas
[H]OS(=O)(=O)C(F)(F)C(F)(F)C(F)(F)C(F)(F)C(F)(F)F,[H]O[S](=O)=O,F[C](F)C(F)(F)C(F)(F)C(F)(F)C(F)(F)F,65.29327005002358,gas
[H]OS(=O)(=O)C(F)(F)C(F)(F)C(F)(F)C(F)(F)C(F)(F)F,[H]OS(=O)(=O)[C](F)C(F)(F)C(F)(F)C(F)(F)C(F)(F)F,[F],113.48751649983852,gas
[H]OS(=O)(=O)C(F)(F)C(F)(F)C(F)(F)C(F)(F)C(F)(F)F,[H]OS(=O)(=O)[C](F)F,F[C](F)C(F)(F)C(F)(F)C(F)(F)F,86.09269879997953,gas
[H]OS(=O)(=O)C(F)(F)C(F)(F)C(F)(F)C(F)(F)C(F)(F)F,[H]OS(=O)(=O)C(F)(F)[C](F)C(F)(F)C(F)(F)C(F)(F)F,[F],113.01711112484554,gas
[H]OS(=O)(=O)C(F)(F)C(F)(F)C(F)(F)C(F)(F)C(F)(F)F,[H]OS(=O)(=O)C(F)(F)[C](F)F,F[C](F)C(F)(F)C(F)(F)F,85.37206525001977,gas
[H]OS(=O)(=O)C(F)(F)C(F)(F)C(F)(F)C(F)(F)C(F)(F)F,[H]OS(=O)(=O)C(F)(F)C(F)(F)[C](F)C(F)(F)C(F)(F)F,[F],113.40684509990524,gas
[H]OS(=O)(=O)C(F)(F)C(F)(F)C(F)(F)C(F)(F)C(F)(F)F,[H]OS(=O)(=O)C(F)(F)C(F)(F)[C](F)F,F[C](F)C(F)(F)F,87.2994691500702,gas
[H]OS(=O)(=O)C(F)(F)C(F)(F)C(F)(F)C(F)(F)C(F)(F)F,[H]OS(=O)(=O)C(F)(F)C(F)(F)C(F)(F)[C](F)C(F)(F)F,[F],116.03174034996243,gas
[H]OS(=O)(=O)C(F)(F)C(F)(F)C(F)(F)C(F)(F)C(F)(F)F,[H]OS(=O)(=O)C(F)(F)C(F)(F)C(F)(F)[C](F)F,F[C](F)F,92.0018976749236,gas
[H]OS(=O)(=O)C(F)(F)C(F)(F)C(F)(F)C(F)(F)C(F)(F)F,[H]OS(=O)(=O)C(F)(F)C(F)(F)C(F)(F)C(F)(F)[C](F)F,[F],124.59828877488462,gas
[H]OS(=O)(=O)C(F)(F)C(F)(F)C(F)(F)C(F)(F)C(F)(F)F,[O]S(=O)(=O)C(F)(F)C(F)(F)C(F)(F)C(F)(F)C(F)(F)F,[H],115.98686782496372,gas
[H]OC(=O)C(F)(F)C(F)(F)C(F)(F)C(F)(F)C(F)(F)F,[H][O],O=[C]C(F)(F)C(F)(F)C(F)(F)C(F)(F)C(F)(F)F,112.91575732505578,gas
[H]OC(=O)C(F)(F)C(F)(F)C(F)(F)C(F)(F)C(F)(F)F,[H]O[C]=O,F[C](F)C(F)(F)C(F)(F)C(F)(F)C(F)(F)F,88.87673432493955,gas
[H]OC(=O)C(F)(F)C(F)(F)C(F)(F)C(F)(F)C(F)(F)F,[H]OC(=O)[C](F)C(F)(F)C(F)(F)C(F)(F)C(F)(F)F,[F],108.5082161499986,gas
[H]OC(=O)C(F)(F)C(F)(F)C(F)(F)C(F)(F)C(F)(F)F,[H]OC(=O)[C](F)F,F[C](F)C(F)(F)C(F)(F)C(F)(F)F,81.93835387503213,gas
[H]OC(=O)C(F)(F)C(F)(F)C(F)(F)C(F)(F)C(F)(F)F,[H]OC(=O)C(F)(F)[C](F)C(F)(F)C(F)(F)C(F)(F)F,[F],115.0459378499545,gas
[H]OC(=O)C(F)(F)C(F)(F)C(F)(F)C(F)(F)C(F)(F)F,[H]OC(=O)C(F)(F)[C](F)F,F[C](F)C(F)(F)C(F)(F)F,86.87963399988746,gas
[H]OC(=O)C(F)(F)C(F)(F)C(F)(F)C(F)(F)C(F)(F)F,[H]OC(=O)C(F)(F)C(F)(F)[C](F)C(F)(F)C(F)(F)F,[F],114.00496554998313,gas
[H]OC(=O)C(F)(F)C(F)(F)C(F)(F)C(F)(F)C(F)(F)F,[H]OC(=O)C(F)(F)C(F)(F)[C](F)F,F[C](F)C(F)(F)F,87.15179957499288,gas
[H]OC(=O)C(F)(F)C(F)(F)C(F)(F)C(F)(F)C(F)(F)F,[H]OC(=O)C(F)(F)C(F)(F)C(F)(F)[C](F)C(F)(F)F,[F],115.63965952489582,gas
[H]OC(=O)C(F)(F)C(F)(F)C(F)(F)C(F)(F)C(F)(F)F,[H]OC(=O)C(F)(F)C(F)(F)C(F)(F)[C](F)F,F[C](F)F,91.79248837487876,gas
[H]OC(=O)C(F)(F)C(F)(F)C(F)(F)C(F)(F)C(F)(F)F,[H]OC(=O)C(F)(F)C(F)(F)C(F)(F)C(F)(F)[C](F)F,[F],124.69513084987624,gas
[H]OC(=O)C(F)(F)C(F)(F)C(F)(F)C(F)(F)C(F)(F)F,[O]C(=O)C(F)(F)C(F)(F)C(F)(F)C(F)(F)C(F)(F)F,[H],119.80794750006056,gas
[H]OS(=O)(=O)C(F)(F)C(F)(F)C(F)(F)C(F)(F)C(F)(F)C(F)(F)F,[H][O],O=[S](=O)C(F)(F)C(F)(F)C(F)(F)C(F)(F)C(F)(F)C(F)(F)F,90.79419235001863,gas
[H]OS(=O)(=O)C(F)(F)C(F)(F)C(F)(F)C(F)(F)C(F)(F)C(F)(F)F,[H]O[S](=O)=O,F[C](F)C(F)(F)C(F)(F)C(F)(F)C(F)(F)C(F)(F)F,65.22738254983324,gas
[H]OS(=O)(=O)C(F)(F)C(F)(F)C(F)(F)C(F)(F)C(F)(F)C(F)(F)F,[H]OS(=O)(=O)[C](F)C(F)(F)C(F)(F)C(F)(F)C(F)(F)C(F)(F)F,[F],113.15282682492808,gas
[H]OS(=O)(=O)C(F)(F)C(F)(F)C(F)(F)C(F)(F)C(F)(F)C(F)(F)F,[H]OS(=O)(=O)[C](F)F,F[C](F)C(F)(F)C(F)(F)C(F)(F)C(F)(F)F,85.94212389995164,gas
[H]OS(=O)(=O)C(F)(F)C(F)(F)C(F)(F)C(F)(F)C(F)(F)C(F)(F)F,[H]OS(=O)(=O)C(F)(F)[C](F)C(F)(F)C(F)(F)C(F)(F)C(F)(F)F,[F],113.1245265751636,gas
[H]OS(=O)(=O)C(F)(F)C(F)(F)C(F)(F)C(F)(F)C(F)(F)C(F)(F)F,[H]OS(=O)(=O)C(F)(F)[C](F)F,F[C](F)C(F)(F)C(F)(F)C(F)(F)F,85.6968718000087,gas
[H]OS(=O)(=O)C(F)(F)C(F)(F)C(F)(F)C(F)(F)C(F)(F)C(F)(F)F,[H]OS(=O)(=O)C(F)(F)C(F)(F)[C](F)C(F)(F)C(F)(F)C(F)(F)F,[F],112.930189824948,gas
[H]OS(=O)(=O)C(F)(F)C(F)(F)C(F)(F)C(F)(F)C(F)(F)C(F)(F)F,[H]OS(=O)(=O)C(F)(F)C(F)(F)[C](F)F,F[C](F)C(F)(F)C(F)(F)F,85.90848362487463,gas
[H]OS(=O)(=O)C(F)(F)C(F)(F)C(F)(F)C(F)(F)C(F)(F)C(F)(F)F,[H]OS(=O)(=O)C(F)(F)C(F)(F)C(F)(F)[C](F)C(F)(F)C(F)(F)F,[F],114.14299672511902,gas
[H]OS(=O)(=O)C(F)(F)C(F)(F)C(F)(F)C(F)(F)C(F)(F)C(F)(F)F,[H]OS(=O)(=O)C(F)(F)C(F)(F)C(F)(F)[C](F)F,F[C](F)C(F)(F)F,87.16707920005774,gas
[H]OS(=O)(=O)C(F)(F)C(F)(F)C(F)(F)C(F)(F)C(F)(F)C(F)(F)F,[H]OS(=O)(=O)C(F)(F)C(F)(F)C(F)(F)C(F)(F)[C](F)C(F)(F)F,[F],116.2824516999558,gas
[H]OS(=O)(=O)C(F)(F)C(F)(F)C(F)(F)C(F)(F)C(F)(F)C(F)(F)F,[H]OS(=O)(=O)C(F)(F)C(F)(F)C(F)(F)C(F)(F)[C](F)F,F[C](F)F,91.8592041750128,gas
[H]OS(=O)(=O)C(F)(F)C(F)(F)C(F)(F)C(F)(F)C(F)(F)C(F)(F)F,[H]OS(=O)(=O)C(F)(F)C(F)(F)C(F)(F)C(F)(F)C(F)(F)[C](F)F,[F],124.45602824996058,gas
[H]OS(=O)(=O)C(F)(F)C(F)(F)C(F)(F)C(F)(F)C(F)(F)C(F)(F)F,[O]S(=O)(=O)C(F)(F)C(F)(F)C(F)(F)C(F)(F)C(F)(F)C(F)(F)F,[H],115.83016852492848,gas
[H]OC(=O)C(F)(F)C(F)(F)C(F)(F)C(F)(F)C(F)(F)C(F)(F)F,[H][O],O=[C]C(F)(F)C(F)(F)C(F)(F)C(F)(F)C(F)(F)C(F)(F)F,112.86823675009656,gas
[H]OC(=O)C(F)(F)C(F)(F)C(F)(F)C(F)(F)C(F)(F)C(F)(F)F,[H]O[C]=O,F[C](F)C(F)(F)C(F)(F)C(F)(F)C(F)(F)C(F)(F)F,88.93156527491954,gas
[H]OC(=O)C(F)(F)C(F)(F)C(F)(F)C(F)(F)C(F)(F)C(F)(F)F,[H]OC(=O)[C](F)C(F)(F)C(F)(F)C(F)(F)C(F)(F)C(F)(F)F,[F],108.87446907497916,gas
[H]OC(=O)C(F)(F)C(F)(F)C(F)(F)C(F)(F)C(F)(F)C(F)(F)F,[H]OC(=O)[C](F)F,F[C](F)C(F)(F)C(F)(F)C(F)(F)C(F)(F)F,81.9084974250319,gas
[H]OC(=O)C(F)(F)C(F)(F)C(F)(F)C(F)(F)C(F)(F)C(F)(F)F,[H]OC(=O)C(F)(F)[C](F)C(F)(F)C(F)(F)C(F)(F)C(F)(F)F,[F],115.1948937999822,gas
[H]OC(=O)C(F)(F)C(F)(F)C(F)(F)C(F)(F)C(F)(F)C(F)(F)F,[H]OC(=O)C(F)(F)[C](F)F,F[C](F)C(F)(F)C(F)(F)C(F)(F)F,87.32515900004671,gas
[H]OC(=O)C(F)(F)C(F)(F)C(F)(F)C(F)(F)C(F)(F)C(F)(F)F,[H]OC(=O)C(F)(F)C(F)(F)[C](F)C(F)(F)C(F)(F)C(F)(F)F,[F],113.14695969991078,gas
[H]OC(=O)C(F)(F)C(F)(F)C(F)(F)C(F)(F)C(F)(F)C(F)(F)F,[H]OC(=O)C(F)(F)C(F)(F)[C](F)F,F[C](F)C(F)(F)C(F)(F)F,85.88153249996765,gas
[H]OC(=O)C(F)(F)C(F)(F)C(F)(F)C(F)(F)C(F)(F)C(F)(F)F,[H]OC(=O)C(F)(F)C(F)(F)C(F)(F)[C](F)C(F)(F)C(F)(F)F,[F],113.59486919996414,gas
[H]OC(=O)C(F)(F)C(F)(F)C(F)(F)C(F)(F)C(F)(F)C(F)(F)F,[H]OC(=O)C(F)(F)C(F)(F)C(F)(F)[C](F)F,F[C](F)C(F)(F)F,87.07838835004054,gas
[H]OC(=O)C(F)(F)C(F)(F)C(F)(F)C(F)(F)C(F)(F)C(F)(F)F,[H]OC(=O)C(F)(F)C(F)(F)C(F)(F)C(F)(F)[C](F)C(F)(F)F,[F],115.56517527501968,gas
[H]OC(=O)C(F)(F)C(F)(F)C(F)(F)C(F)(F)C(F)(F)C(F)(F)F,[H]OC(=O)C(F)(F)C(F)(F)C(F)(F)C(F)(F)[C](F)F,F[C](F)F,92.0767646998894,gas
[H]OC(=O)C(F)(F)C(F)(F)C(F)(F)C(F)(F)C(F)(F)C(F)(F)F,[H]OC(=O)C(F)(F)C(F)(F)C(F)(F)C(F)(F)C(F)(F)[C](F)F,[F],124.65155724998056,gas
[H]OC(=O)C(F)(F)C(F)(F)C(F)(F)C(F)(F)C(F)(F)C(F)(F)F,[O]C(=O)C(F)(F)C(F)(F)C(F)(F)C(F)(F)C(F)(F)C(F)(F)F,[H],119.80175407506977,gas
[H]OC(=O)C([H])([H])C(F)(F)C(F)(F)C(F)(F)C(F)(F)F,[H][O],[H]C([H])([C]=O)C(F)(F)C(F)(F)C(F)(F)C(F)(F)F,113.29553915006784,gas
[H]OC(=O)C([H])([H])C(F)(F)C(F)(F)C(F)(F)C(F)(F)F,[H]O[C]=O,[H][C]([H])C(F)(F)C(F)(F)C(F)(F)C(F)(F)F,97.24718272488816,gas
[H]OC(=O)C([H])([H])C(F)(F)C(F)(F)C(F)(F)C(F)(F)F,[H]OC(=O)[C]([H])[H],F[C](F)C(F)(F)C(F)(F)C(F)(F)F,91.76406262501472,gas
[H]OC(=O)C([H])([H])C(F)(F)C(F)(F)C(F)(F)C(F)(F)F,[H]OC(=O)C([H])([H])[C](F)C(F)(F)C(F)(F)C(F)(F)F,[F],115.81163217491962,gas
[H]OC(=O)C([H])([H])C(F)(F)C(F)(F)C(F)(F)C(F)(F)F,[H]OC(=O)C([H])([H])[C](F)F,F[C](F)C(F)(F)C(F)(F)F,89.76226859994881,gas
[H]OC(=O)C([H])([H])C(F)(F)C(F)(F)C(F)(F)C(F)(F)F,[H]OC(=O)C([H])([H])C(F)(F)[C](F)C(F)(F)C(F)(F)F,[F],114.57198709993122,gas
[H]OC(=O)C([H])([H])C(F)(F)C(F)(F)C(F)(F)C(F)(F)F,[H]OC(=O)C([H])([H])C(F)(F)[C](F)F,F[C](F)C(F)(F)F,88.08848137512769,gas
[H]OC(=O)C([H])([H])C(F)(F)C(F)(F)C(F)(F)C(F)(F)F,[H]OC(=O)C([H])([H])C(F)(F)C(F)(F)[C](F)C(F)(F)F,[F],115.45150992502272,gas
[H]OC(=O)C([H])([H])C(F)(F)C(F)(F)C(F)(F)C(F)(F)F,[H]OC(=O)C([H])([H])C(F)(F)C(F)(F)[C](F)F,F[C](F)F,92.04034459996136,gas
[H]OC(=O)C([H])([H])C(F)(F)C(F)(F)C(F)(F)C(F)(F)F,[H]OC(=O)C([H])([H])C(F)(F)C(F)(F)C(F)(F)[C](F)F,[F],124.66302794994874,gas
[H]OC(=O)C([H])([H])C(F)(F)C(F)(F)C(F)(F)C(F)(F)F,[H]C([H])(C([O])=O)C(F)(F)C(F)(F)C(F)(F)C(F)(F)F,[H],117.68609389999028,gas
[H]OC(=O)C([H])([H])C(F)(F)C(F)(F)C(F)(F)C(F)(F)F,[H]OC(=O)[C]([H])C(F)(F)C(F)(F)C(F)(F)C(F)(F)F,[H],105.83128232510774,gas
[H]OS(=O)(=O)C([H])([H])C(F)(F)C(F)(F)C(F)(F)C(F)(F)F,[H][O],[H]C([H])([S](=O)=O)C(F)(F)C(F)(F)C(F)(F)C(F)(F)F,92.54425220006452,gas
[H]OS(=O)(=O)C([H])([H])C(F)(F)C(F)(F)C(F)(F)C(F)(F)F,[H]O[S](=O)=O,[H][C]([H])C(F)(F)C(F)(F)C(F)(F)C(F)(F)F,76.8825926498181,gas
[H]OS(=O)(=O)C([H])([H])C(F)(F)C(F)(F)C(F)(F)C(F)(F)F,[H]OS(=O)(=O)[C]([H])[H],F[C](F)C(F)(F)C(F)(F)C(F)(F)F,96.33453417498517,gas
[H]OS(=O)(=O)C([H])([H])C(F)(F)C(F)(F)C(F)(F)C(F)(F)F,[H]OS(=O)(=O)C([H])([H])[C](F)C(F)(F)C(F)(F)C(F)(F)F,[F],114.7017352749168,gas
[H]OS(=O)(=O)C([H])([H])C(F)(F)C(F)(F)C(F)(F)C(F)(F)F,[H]OS(=O)(=O)C([H])([H])[C](F)F,F[C](F)C(F)(F)C(F)(F)F,89.3041433999241,gas
[H]OS(=O)(=O)C([H])([H])C(F)(F)C(F)(F)C(F)(F)C(F)(F)F,[H]OS(=O)(=O)C([H])([H])C(F)(F)[C](F)C(F)(F)C(F)(F)F,[F],116.50718454988636,gas
[H]OS(=O)(=O)C([H])([H])C(F)(F)C(F)(F)C(F)(F)C(F)(F)F,[H]OS(=O)(=O)C([H])([H])C(F)(F)[C](F)F,F[C](F)C(F)(F)F,88.20120547509134,gas
[H]OS(=O)(=O)C([H])([H])C(F)(F)C(F)(F)C(F)(F)C(F)(F)F,[H]OS(=O)(=O)C([H])([H])C(F)(F)C(F)(F)[C](F)C(F)(F)F,[F],115.49971447488248,gas
[H]OS(=O)(=O)C([H])([H])C(F)(F)C(F)(F)C(F)(F)C(F)(F)F,[H]OS(=O)(=O)C([H])([H])C(F)(F)C(F)(F)[C](F)F,F[C](F)F,91.832748774857,gas
[H]OS(=O)(=O)C([H])([H])C(F)(F)C(F)(F)C(F)(F)C(F)(F)F,[H]OS(=O)(=O)C([H])([H])C(F)(F)C(F)(F)C(F)(F)[C](F)F,[F],126.34125787486994,gas
[H]OS(=O)(=O)C([H])([H])C(F)(F)C(F)(F)C(F)(F)C(F)(F)F,[H]C([H])(C(F)(F)C(F)(F)C(F)(F)C(F)(F)F)S([O])(=O)=O,[H],115.61743975003252,gas
[H]OS(=O)(=O)C([H])([H])C(F)(F)C(F)(F)C(F)(F)C(F)(F)F,[H]OS(=O)(=O)[C]([H])C(F)(F)C(F)(F)C(F)(F)C(F)(F)F,[H],110.16590172503015,gas
[H]OC(=O)C([H])([H])C(F)(F)C(F)(F)C(F)(F)C(F)(F)C(F)(F)C(F)(F)F,[H][O],[H]C([H])([C]=O)C(F)(F)C(F)(F)C(F)(F)C(F)(F)C(F)(F)C(F)(F)F,113.8098193250528,gas
[H]OC(=O)C([H])([H])C(F)(F)C(F)(F)C(F)(F)C(F)(F)C(F)(F)C(F)(F)F,[H]O[C]=O,[H][C]([H])C(F)(F)C(F)(F)C(F)(F)C(F)(F)C(F)(F)C(F)(F)F,97.1348100249179,gas
[H]OC(=O)C([H])([H])C(F)(F)C(F)(F)C(F)(F)C(F)(F)C(F)(F)C(F)(F)F,[H]OC(=O)[C]([H])[H],F[C](F)C(F)(F)C(F)(F)C(F)(F)C(F)(F)C(F)(F)F,91.6555678749819,gas
[H]OC(=O)C([H])([H])C(F)(F)C(F)(F)C(F)(F)C(F)(F)C(F)(F)C(F)(F)F,[H]OC(=O)C([H])([H])[C](F)C(F)(F)C(F)(F)C(F)(F)C(F)(F)C(F)(F)F,[F],115.6820095000336,gas
[H]OC(=O)C([H])([H])C(F)(F)C(F)(F)C(F)(F)C(F)(F)C(F)(F)C(F)(F)F,[H]OC(=O)C([H])([H])[C](F)F,F[C](F)C(F)(F)C(F)(F)C(F)(F)C(F)(F)F,90.04446790009524,gas
[H]OC(=O)C([H])([H])C(F)(F)C(F)(F)C(F)(F)C(F)(F)C(F)(F)C(F)(F)F,[H]OC(=O)C([H])([H])C(F)(F)[C](F)C(F)(F)C(F)(F)C(F)(F)C(F)(F)F,[F],114.55590427494258,gas
[H]OC(=O)C([H])([H])C(F)(F)C(F)(F)C(F)(F)C(F)(F)C(F)(F)C(F)(F)F,[H]OC(=O)C([H])([H])C(F)(F)[C](F)F,F[C](F)C(F)(F)C(F)(F)C(F)(F)F,87.13027005010645,gas
[H]OC(=O)C([H])([H])C(F)(F)C(F)(F)C(F)(F)C(F)(F)C(F)(F)C(F)(F)F,[H]OC(=O)C([H])([H])C(F)(F)C(F)(F)[C](F)C(F)(F)C(F)(F)C(F)(F)F,[F],114.2075664749774,gas
[H]OC(=O)C([H])([H])C(F)(F)C(F)(F)C(F)(F)C(F)(F)C(F)(F)C(F)(F)F,[H]OC(=O)C([H])([H])C(F)(F)C(F)(F)[C](F)F,F[C](F)C(F)(F)C(F)(F)F,85.92250825008534,gas
[H]OC(=O)C([H])([H])C(F)(F)C(F)(F)C(F)(F)C(F)(F)C(F)(F)C(F)(F)F,[H]OC(=O)C([H])([H])C(F)(F)C(F)(F)C(F)(F)[C](F)C(F)(F)C(F)(F)F,[F],113.41399232493929,gas
[H]OC(=O)C([H])([H])C(F)(F)C(F)(F)C(F)(F)C(F)(F)C(F)(F)C(F)(F)F,[H]OC(=O)C([H])([H])C(F)(F)C(F)(F)C(F)(F)[C](F)F,F[C](F)C(F)(F)F,87.19709252511109,gas
[H]OC(=O)C([H])([H])C(F)(F)C(F)(F)C(F)(F)C(F)(F)C(F)(F)C(F)(F)F,[H]OC(=O)C([H])([H])C(F)(F)C(F)(F)C(F)(F)C(F)(F)[C](F)C(F)(F)F,[F],116.02153092492472,gas
[H]OC(=O)C([H])([H])C(F)(F)C(F)(F)C(F)(F)C(F)(F)C(F)(F)C(F)(F)F,[H]OC(=O)C([H])([H])C(F)(F)C(F)(F)C(F)(F)C(F)(F)[C](F)F,F[C](F)F,92.00917039991452,gas
[H]OC(=O)C([H])([H])C(F)(F)C(F)(F)C(F)(F)C(F)(F)C(F)(F)C(F)(F)F,[H]OC(=O)C([H])([H])C(F)(F)C(F)(F)C(F)(F)C(F)(F)C(F)(F)[C](F)F,[F],124.62459357492094,gas
[H]OC(=O)C([H])([H])C(F)(F)C(F)(F)C(F)(F)C(F)(F)C(F)(F)C(F)(F)F,[H]C([H])(C([O])=O)C(F)(F)C(F)(F)C(F)(F)C(F)(F)C(F)(F)C(F)(F)F,[H],117.82784615015316,gas
[H]OC(=O)C([H])([H])C(F)(F)C(F)(F)C(F)(F)C(F)(F)C(F)(F)C(F)(F)F,[H]OC(=O)[C]([H])C(F)(F)C(F)(F)C(F)(F)C(F)(F)C(F)(F)C(F)(F)F,[H],105.73091370002942,gas
[H]OS(=O)(=O)C([H])([H])C(F)(F)C(F)(F)C(F)(F)C(F)(F)C(F)(F)C(F)(F)F,[H][O],[H]C([H])([S](=O)=O)C(F)(F)C(F)(F)C(F)(F)C(F)(F)C(F)(F)C(F)(F)F,93.83944985024868,gas
[H]OS(=O)(=O)C([H])([H])C(F)(F)C(F)(F)C(F)(F)C(F)(F)C(F)(F)C(F)(F)F,[H]O[S](=O)=O,[H][C]([H])C(F)(F)C(F)(F)C(F)(F)C(F)(F)C(F)(F)C(F)(F)F,75.99086494996072,gas
[H]OS(=O)(=O)C([H])([H])C(F)(F)C(F)(F)C(F)(F)C(F)(F)C(F)(F)C(F)(F)F,[H]OS(=O)(=O)[C]([H])[H],F[C](F)C(F)(F)C(F)(F)C(F)(F)C(F)(F)C(F)(F)F,95.44668442492252,gas
[H]OS(=O)(=O)C([H])([H])C(F)(F)C(F)(F)C(F)(F)C(F)(F)C(F)(F)C(F)(F)F,[H]OS(=O)(=O)C([H])([H])[C](F)C(F)(F)C(F)(F)C(F)(F)C(F)(F)C(F)(F)F,[F],114.6444319752584,gas
[H]OS(=O)(=O)C([H])([H])C(F)(F)C(F)(F)C(F)(F)C(F)(F)C(F)(F)C(F)(F)F,[H]OS(=O)(=O)C([H])([H])[C](F)F,F[C](F)C(F)(F)C(F)(F)C(F)(F)C(F)(F)F,88.80698770004074,gas
[H]OS(=O)(=O)C([H])([H])C(F)(F)C(F)(F)C(F)(F)C(F)(F)C(F)(F)C(F)(F)F,[H]OS(=O)(=O)C([H])([H])C(F)(F)[C](F)C(F)(F)C(F)(F)C(F)(F)C(F)(F)F,[F],115.34234375024198,gas
[H]OS(=O)(=O)C([H])([H])C(F)(F)C(F)(F)C(F)(F)C(F)(F)C(F)(F)C(F)(F)F,[H]OS(=O)(=O)C([H])([H])C(F)(F)[C](F)F,F[C](F)C(F)(F)C(F)(F)C(F)(F)F,86.46363915032566,gas
[H]OS(=O)(=O)C([H])([H])C(F)(F)C(F)(F)C(F)(F)C(F)(F)C(F)(F)C(F)(F)F,[H]OS(=O)(=O)C([H])([H])C(F)(F)C(F)(F)[C](F)C(F)(F)C(F)(F)C(F)(F)F,[F],112.74065345033024,gas
[H]OS(=O)(=O)C([H])([H])C(F)(F)C(F)(F)C(F)(F)C(F)(F)C(F)(F)C(F)(F)F,[H]OS(=O)(=O)C([H])([H])C(F)(F)C(F)(F)[C](F)F,F[C](F)C(F)(F)C(F)(F)F,84.93555742495118,gas
[H]OS(=O)(=O)C([H])([H])C(F)(F)C(F)(F)C(F)(F)C(F)(F)C(F)(F)C(F)(F)F,[H]OS(=O)(=O)C([H])([H])C(F)(F)C(F)(F)C(F)(F)[C](F)C(F)(F)C(F)(F)F,[F],114.5782997502306,gas
[H]OS(=O)(=O)C([H])([H])C(F)(F)C(F)(F)C(F)(F)C(F)(F)C(F)(F)C(F)(F)F,[H]OS(=O)(=O)C([H])([H])C(F)(F)C(F)(F)C(F)(F)[C](F)F,F[C](F)C(F)(F)F,88.09596745000249,gas
[H]OS(=O)(=O)C([H])([H])C(F)(F)C(F)(F)C(F)(F)C(F)(F)C(F)(F)C(F)(F)F,[H]OS(=O)(=O)C([H])([H])C(F)(F)C(F)(F)C(F)(F)C(F)(F)[C](F)C(F)(F)F,[F],115.47856145015204,gas
[H]OS(=O)(=O)C([H])([H])C(F)(F)C(F)(F)C(F)(F)C(F)(F)C(F)(F)C(F)(F)F,[H]OS(=O)(=O)C([H])([H])C(F)(F)C(F)(F)C(F)(F)C(F)(F)[C](F)F,F[C](F)F,91.79352375005806,gas
[H]OS(=O)(=O)C([H])([H])C(F)(F)C(F)(F)C(F)(F)C(F)(F)C(F)(F)C(F)(F)F,[H]OS(=O)(=O)C([H])([H])C(F)(F)C(F)(F)C(F)(F)C(F)(F)C(F)(F)[C](F)F,[F],124.70137447533487,gas
[H]OS(=O)(=O)C([H])([H])C(F)(F)C(F)(F)C(F)(F)C(F)(F)C(F)(F)C(F)(F)F,[H]C([H])(C(F)(F)C(F)(F)C(F)(F)C(F)(F)C(F)(F)C(F)(F)F)S([O])(=O)=O,[H],114.99297057495482,gas
[H]OS(=O)(=O)C([H])([H])C(F)(F)C(F)(F)C(F)(F)C(F)(F)C(F)(F)C(F)(F)F,[H]OS(=O)(=O)[C]([H])C(F)(F)C(F)(F)C(F)(F)C(F)(F)C(F)(F)C(F)(F)F,[H],109.42593489992872,gas
[H]OS(=O)(=O)C([H])([H])C([H])([H])C(F)(F)C(F)(F)C(F)(F)C(F)(F)F,[H][O],[H]C([H])([S](=O)=O)C([H])([H])C(F)(F)C(F)(F)C(F)(F)C(F)(F)F,92.3322262251554,gas
[H]OS(=O)(=O)C([H])([H])C([H])([H])C(F)(F)C(F)(F)C(F)(F)C(F)(F)F,[H]O[S](=O)=O,[H][C]([H])C([H])([H])C(F)(F)C(F)(F)C(F)(F)C(F)(F)F,80.80642545003002,gas
[H]OS(=O)(=O)C([H])([H])C([H])([H])C(F)(F)C(F)(F)C(F)(F)C(F)(F)F,[H]OS(=O)(=O)[C]([H])[H],[H][C]([H])C(F)(F)C(F)(F)C(F)(F)C(F)(F)F,100.29174997499864,gas
[H]OS(=O)(=O)C([H])([H])C([H])([H])C(F)(F)C(F)(F)C(F)(F)C(F)(F)F,[H]OS(=O)(=O)C([H])([H])[C]([H])[H],F[C](F)C(F)(F)C(F)(F)C(F)(F)F,98.85102880015552,gas
[H]OS(=O)(=O)C([H])([H])C([H])([H])C(F)(F)C(F)(F)C(F)(F)C(F)(F)F,[H]OS(=O)(=O)C([H])([H])C([H])([H])[C](F)C(F)(F)C(F)(F)C(F)(F)F,[F],117.60121197506976,gas
[H]OS(=O)(=O)C([H])([H])C([H])([H])C(F)(F)C(F)(F)C(F)(F)C(F)(F)F,[H]OS(=O)(=O)C([H])([H])C([H])([H])[C](F)F,F[C](F)C(F)(F)C(F)(F)F,90.62628589993892,gas
[H]OS(=O)(=O)C([H])([H])C([H])([H])C(F)(F)C(F)(F)C(F)(F)C(F)(F)F,[H]OS(=O)(=O)C([H])([H])C([H])([H])C(F)(F)[C](F)C(F)(F)C(F)(F)F,[F],116.6071452999978,gas
[H]OS(=O)(=O)C([H])([H])C([H])([H])C(F)(F)C(F)(F)C(F)(F)C(F)(F)F,[H]OS(=O)(=O)C([H])([H])C([H])([H])C(F)(F)[C](F)F,F[C](F)C(F)(F)F,89.1008208501421,gas
[H]OS(=O)(=O)C([H])([H])C([H])([H])C(F)(F)C(F)(F)C(F)(F)C(F)(F)F,[H]OS(=O)(=O)C([H])([H])C([H])([H])C(F)(F)C(F)(F)[C](F)C(F)(F)F,[F],115.31197274997623,gas
[H]OS(=O)(=O)C([H])([H])C([H])([H])C(F)(F)C(F)(F)C(F)(F)C(F)(F)F,[H]OS(=O)(=O)C([H])([H])C([H])([H])C(F)(F)C(F)(F)[C](F)F,F[C](F)F,91.82863864994944,gas
[H]OS(=O)(=O)C([H])([H])C([H])([H])C(F)(F)C(F)(F)C(F)(F)C(F)(F)F,[H]OS(=O)(=O)C([H])([H])C([H])([H])C(F)(F)C(F)(F)C(F)(F)[C](F)F,[F],124.8602637500386,gas
[H]OS(=O)(=O)C([H])([H])C([H])([H])C(F)(F)C(F)(F)C(F)(F)C(F)(F)F,[H]C([H])(C(F)(F)C(F)(F)C(F)(F)C(F)(F)F)C([H])([H])S([O])(=O)=O,[H],113.81209087514264,gas
[H]OS(=O)(=O)C([H])([H])C([H])([H])C(F)(F)C(F)(F)C(F)(F)C(F)(F)F,[H]OS(=O)(=O)[C]([H])C([H])([H])C(F)(F)C(F)(F)C(F)(F)C(F)(F)F,[H],107.13814520005768,gas
[H]OS(=O)(=O)C([H])([H])C([H])([H])C(F)(F)C(F)(F)C(F)(F)C(F)(F)F,[H]OS(=O)(=O)C([H])([H])[C]([H])C(F)(F)C(F)(F)C(F)(F)C(F)(F)F,[H],108.3999159251914,gas
[H]OC(=O)C([H])([H])C([H])([H])C(F)(F)C(F)(F)C(F)(F)C(F)(F)F,[H][O],[H]C([H])([C]=O)C([H])([H])C(F)(F)C(F)(F)C(F)(F)C(F)(F)F,113.86077232509535,gas
[H]OC(=O)C([H])([H])C([H])([H])C(F)(F)C(F)(F)C(F)(F)C(F)(F)F,[H]O[C]=O,[H][C]([H])C([H])([H])C(F)(F)C(F)(F)C(F)(F)C(F)(F)F,100.03717950001146,gas
[H]OC(=O)C([H])([H])C([H])([H])C(F)(F)C(F)(F)C(F)(F)C(F)(F)F,[H]OC(=O)[C]([H])[H],[H][C]([H])C(F)(F)C(F)(F)C(F)(F)C(F)(F)F,94.58744239993962,gas
[H]OC(=O)C([H])([H])C([H])([H])C(F)(F)C(F)(F)C(F)(F)C(F)(F)F,[H]OC(=O)C([H])([H])[C]([H])[H],F[C](F)C(F)(F)C(F)(F)C(F)(F)F,101.11420795005016,gas
[H]OC(=O)C([H])([H])C([H])([H])C(F)(F)C(F)(F)C(F)(F)C(F)(F)F,[H]OC(=O)C([H])([H])C([H])([H])[C](F)C(F)(F)C(F)(F)C(F)(F)F,[F],117.94771119993186,gas
[H]OC(=O)C([H])([H])C([H])([H])C(F)(F)C(F)(F)C(F)(F)C(F)(F)F,[H]OC(=O)C([H])([H])C([H])([H])[C](F)F,F[C](F)C(F)(F)C(F)(F)F,91.1821818749786,gas
[H]OC(=O)C([H])([H])C([H])([H])C(F)(F)C(F)(F)C(F)(F)C(F)(F)F,[H]OC(=O)C([H])([H])C([H])([H])C(F)(F)[C](F)C(F)(F)C(F)(F)F,[F],116.61189547498508,gas
[H]OC(=O)C([H])([H])C([H])([H])C(F)(F)C(F)(F)C(F)(F)C(F)(F)F,[H]OC(=O)C([H])([H])C([H])([H])C(F)(F)[C](F)F,F[C](F)C(F)(F)F,89.38298877504963,gas
[H]OC(=O)C([H])([H])C([H])([H])C(F)(F)C(F)(F)C(F)(F)C(F)(F)F,[H]OC(=O)C([H])([H])C([H])([H])C(F)(F)C(F)(F)[C](F)C(F)(F)F,[F],115.4132010499518,gas
[H]OC(=O)C([H])([H])C([H])([H])C(F)(F)C(F)(F)C(F)(F)C(F)(F)F,[H]OC(=O)C([H])([H])C([H])([H])C(F)(F)C(F)(F)[C](F)F,F[C](F)F,91.97493400000668,gas
[H]OC(=O)C([H])([H])C([H])([H])C(F)(F)C(F)(F)C(F)(F)C(F)(F)F,[H]OC(=O)C([H])([H])C([H])([H])C(F)(F)C(F)(F)C(F)(F)[C](F)F,[F],124.60664080001834,gas
[H]OC(=O)C([H])([H])C([H])([H])C(F)(F)C(F)(F)C(F)(F)C(F)(F)F,[H]C([H])(C([O])=O)C([H])([H])C(F)(F)C(F)(F)C(F)(F)C(F)(F)F,[H],103.30954807513253,gas
[H]OC(=O)C([H])([H])C([H])([H])C(F)(F)C(F)(F)C(F)(F)C(F)(F)F,[H]OC(=O)[C]([H])C([H])([H])C(F)(F)C(F)(F)C(F)(F)C(F)(F)F,[H],101.2519128250699,gas
[H]OC(=O)C([H])([H])C([H])([H])C(F)(F)C(F)(F)C(F)(F)C(F)(F)F,[H]OC(=O)C([H])([H])[C]([H])C(F)(F)C(F)(F)C(F)(F)C(F)(F)F,[H],107.8481928251091,gas
[H]OS(=O)(=O)C([H])([H])C([H])([H])C(F)(F)C(F)(F)C(F)(F)C(F)(F)C(F)(F)C(F)(F)F,[H][O],[H]C([H])([S](=O)=O)C([H])([H])C(F)(F)C(F)(F)C(F)(F)C(F)(F)C(F)(F)C(F)(F)F,92.43776545005517,gas
[H]OS(=O)(=O)C([H])([H])C([H])([H])C(F)(F)C(F)(F)C(F)(F)C(F)(F)C(F)(F)C(F)(F)F,[H]O[S](=O)=O,[H][C]([H])C([H])([H])C(F)(F)C(F)(F)C(F)(F)C(F)(F)C(F)(F)C(F)(F)F,80.8134471749645,gas
[H]OS(=O)(=O)C([H])([H])C([H])([H])C(F)(F)C(F)(F)C(F)(F)C(F)(F)C(F)(F)C(F)(F)F,[H]OS(=O)(=O)[C]([H])[H],[H][C]([H])C(F)(F)C(F)(F)C(F)(F)C(F)(F)C(F)(F)C(F)(F)F,100.27357130005952,gas
[H]OS(=O)(=O)C([H])([H])C([H])([H])C(F)(F)C(F)(F)C(F)(F)C(F)(F)C(F)(F)C(F)(F)F,[H]OS(=O)(=O)C([H])([H])[C]([H])[H],F[C](F)C(F)(F)C(F)(F)C(F)(F)C(F)(F)C(F)(F)F,98.83672807486846,gas
[H]OS(=O)(=O)C([H])([H])C([H])([H])C(F)(F)C(F)(F)C(F)(F)C(F)(F)C(F)(F)C(F)(F)F,[H]OS(=O)(=O)C([H])([H])C([H])([H])[C](F)C(F)(F)C(F)(F)C(F)(F)C(F)(F)C(F)(F)F,[F],117.80598405021692,gas
[H]OS(=O)(=O)C([H])([H])C([H])([H])C(F)(F)C(F)(F)C(F)(F)C(F)(F)C(F)(F)C(F)(F)F,[H]OS(=O)(=O)C([H])([H])C([H])([H])[C](F)F,F[C](F)C(F)(F)C(F)(F)C(F)(F)C(F)(F)F,91.00267922483113,gas
[H]OS(=O)(=O)C([H])([H])C([H])([H])C(F)(F)C(F)(F)C(F)(F)C(F)(F)C(F)(F)C(F)(F)F,[H]OS(=O)(=O)C([H])([H])C([H])([H])C(F)(F)[C](F)C(F)(F)C(F)(F)C(F)(F)C(F)(F)F,[F],116.59121307498594,gas
[H]OS(=O)(=O)C([H])([H])C([H])([H])C(F)(F)C(F)(F)C(F)(F)C(F)(F)C(F)(F)C(F)(F)F,[H]OS(=O)(=O)C([H])([H])C([H])([H])C(F)(F)[C](F)F,F[C](F)C(F)(F)C(F)(F)C(F)(F)F,88.23680355015199,gas
[H]OS(=O)(=O)C([H])([H])C([H])([H])C(F)(F)C(F)(F)C(F)(F)C(F)(F)C(F)(F)C(F)(F)F,[H]OS(=O)(=O)C([H])([H])C([H])([H])C(F)(F)C(F)(F)[C](F)C(F)(F)C(F)(F)C(F)(F)F,[F],113.52569360001894,gas
[H]OS(=O)(=O)C([H])([H])C([H])([H])C(F)(F)C(F)(F)C(F)(F)C(F)(F)C(F)(F)C(F)(F)F,[H]OS(=O)(=O)C([H])([H])C([H])([H])C(F)(F)C(F)(F)[C](F)F,F[C](F)C(F)(F)C(F)(F)F,85.80499632496185,gas
[H]OS(=O)(=O)C([H])([H])C([H])([H])C(F)(F)C(F)(F)C(F)(F)C(F)(F)C(F)(F)C(F)(F)F,[H]OS(=O)(=O)C([H])([H])C([H])([H])C(F)(F)C(F)(F)C(F)(F)[C](F)C(F)(F)C(F)(F)F,[F],114.34843395022313,gas
[H]OS(=O)(=O)C([H])([H])C([H])([H])C(F)(F)C(F)(F)C(F)(F)C(F)(F)C(F)(F)C(F)(F)F,[H]OS(=O)(=O)C([H])([H])C([H])([H])C(F)(F)C(F)(F)C(F)(F)[C](F)F,F[C](F)C(F)(F)F,87.4885223500894,gas
[H]OS(=O)(=O)C([H])([H])C([H])([H])C(F)(F)C(F)(F)C(F)(F)C(F)(F)C(F)(F)C(F)(F)F,[H]OS(=O)(=O)C([H])([H])C([H])([H])C(F)(F)C(F)(F)C(F)(F)C(F)(F)[C](F)C(F)(F)F,[F],116.1878121500706,gas
[H]OS(=O)(=O)C([H])([H])C([H])([H])C(F)(F)C(F)(F)C(F)(F)C(F)(F)C(F)(F)C(F)(F)F,[H]OS(=O)(=O)C([H])([H])C([H])([H])C(F)(F)C(F)(F)C(F)(F)C(F)(F)[C](F)F,F[C](F)F,92.0559505251424,gas
[H]OS(=O)(=O)C([H])([H])C([H])([H])C(F)(F)C(F)(F)C(F)(F)C(F)(F)C(F)(F)C(F)(F)F,[H]OS(=O)(=O)C([H])([H])C([H])([H])C(F)(F)C(F)(F)C(F)(F)C(F)(F)C(F)(F)[C](F)F,[F],124.70315657503647,gas
[H]OS(=O)(=O)C([H])([H])C([H])([H])C(F)(F)C(F)(F)C(F)(F)C(F)(F)C(F)(F)C(F)(F)F,[H]C([H])(C(F)(F)C(F)(F)C(F)(F)C(F)(F)C(F)(F)C(F)(F)F)C([H])([H])S([O])(=O)=O,[H],113.82696889988893,gas
[H]OS(=O)(=O)C([H])([H])C([H])([H])C(F)(F)C(F)(F)C(F)(F)C(F)(F)C(F)(F)C(F)(F)F,[H]OS(=O)(=O)[C]([H])C([H])([H])C(F)(F)C(F)(F)C(F)(F)C(F)(F)C(F)(F)C(F)(F)F,[H],107.01770912475467,gas
[H]OS(=O)(=O)C([H])([H])C([H])([H])C(F)(F)C(F)(F)C(F)(F)C(F)(F)C(F)(F)C(F)(F)F,[H]OS(=O)(=O)C([H])([H])[C]([H])C(F)(F)C(F)(F)C(F)(F)C(F)(F)C(F)(F)C(F)(F)F,[H],108.01902969987395,gas
[H]OC(=O)C([H])([H])C([H])([H])C(F)(F)C(F)(F)C(F)(F)C(F)(F)C(F)(F)C(F)(F)F,[H][O],[H]C([H])([C]=O)C([H])([H])C(F)(F)C(F)(F)C(F)(F)C(F)(F)C(F)(F)C(F)(F)F,114.75933977495686,gas
[H]OC(=O)C([H])([H])C([H])([H])C(F)(F)C(F)(F)C(F)(F)C(F)(F)C(F)(F)C(F)(F)F,[H]O[C]=O,[H][C]([H])C([H])([H])C(F)(F)C(F)(F)C(F)(F)C(F)(F)C(F)(F)C(F)(F)F,99.72347969998737,gas
[H]OC(=O)C([H])([H])C([H])([H])C(F)(F)C(F)(F)C(F)(F)C(F)(F)C(F)(F)C(F)(F)F,[H]OC(=O)[C]([H])[H],[H][C]([H])C(F)(F)C(F)(F)C(F)(F)C(F)(F)C(F)(F)C(F)(F)F,94.24854219989923,gas
[H]OC(=O)C([H])([H])C([H])([H])C(F)(F)C(F)(F)C(F)(F)C(F)(F)C(F)(F)C(F)(F)F,[H]OC(=O)C([H])([H])[C]([H])[H],F[C](F)C(F)(F)C(F)(F)C(F)(F)C(F)(F)C(F)(F)F,100.77918569994722,gas
[H]OC(=O)C([H])([H])C([H])([H])C(F)(F)C(F)(F)C(F)(F)C(F)(F)C(F)(F)C(F)(F)F,[H]OC(=O)C([H])([H])C([H])([H])[C](F)C(F)(F)C(F)(F)C(F)(F)C(F)(F)C(F)(F)F,[F],118.14823509991923,gas
[H]OC(=O)C([H])([H])C([H])([H])C(F)(F)C(F)(F)C(F)(F)C(F)(F)C(F)(F)C(F)(F)F,[H]OC(=O)C([H])([H])C([H])([H])[C](F)F,F[C](F)C(F)(F)C(F)(F)C(F)(F)C(F)(F)F,91.23785367505492,gas
[H]OC(=O)C([H])([H])C([H])([H])C(F)(F)C(F)(F)C(F)(F)C(F)(F)C(F)(F)C(F)(F)F,[H]OC(=O)C([H])([H])C([H])([H])C(F)(F)[C](F)C(F)(F)C(F)(F)C(F)(F)C(F)(F)F,[F],115.98300242489358,gas
[H]OC(=O)C([H])([H])C([H])([H])C(F)(F)C(F)(F)C(F)(F)C(F)(F)C(F)(F)C(F)(F)F,[H]OC(=O)C([H])([H])C([H])([H])C(F)(F)[C](F)F,F[C](F)C(F)(F)C(F)(F)C(F)(F)F,88.19824994995827,gas
[H]OC(=O)C([H])([H])C([H])([H])C(F)(F)C(F)(F)C(F)(F)C(F)(F)C(F)(F)C(F)(F)F,[H]OC(=O)C([H])([H])C([H])([H])C(F)(F)C(F)(F)[C](F)C(F)(F)C(F)(F)C(F)(F)F,[F],114.31366417496348,gas
[H]OC(=O)C([H])([H])C([H])([H])C(F)(F)C(F)(F)C(F)(F)C(F)(F)C(F)(F)C(F)(F)F,[H]OC(=O)C([H])([H])C([H])([H])C(F)(F)C(F)(F)[C](F)F,F[C](F)C(F)(F)C(F)(F)F,85.63057014991784,gas
[H]OC(=O)C([H])([H])C([H])([H])C(F)(F)C(F)(F)C(F)(F)C(F)(F)C(F)(F)C(F)(F)F,[H]OC(=O)C([H])([H])C([H])([H])C(F)(F)C(F)(F)C(F)(F)[C](F)C(F)(F)C(F)(F)F,[F],114.29805824992512,gas
[H]OC(=O)C([H])([H])C([H])([H])C(F)(F)C(F)(F)C(F)(F)C(F)(F)C(F)(F)C(F)(F)F,[H]OC(=O)C([H])([H])C([H])([H])C(F)(F)C(F)(F)C(F)(F)[C](F)F,F[C](F)C(F)(F)F,86.91417787511057,gas
[H]OC(=O)C([H])([H])C([H])([H])C(F)(F)C(F)(F)C(F)(F)C(F)(F)C(F)(F)C(F)(F)F,[H]OC(=O)C([H])([H])C([H])([H])C(F)(F)C(F)(F)C(F)(F)C(F)(F)[C](F)C(F)(F)F,[F],115.41097969990176,gas
[H]OC(=O)C([H])([H])C([H])([H])C(F)(F)C(F)(F)C(F)(F)C(F)(F)C(F)(F)C(F)(F)F,[H]OC(=O)C([H])([H])C([H])([H])C(F)(F)C(F)(F)C(F)(F)C(F)(F)[C](F)F,F[C](F)F,92.00939629995104,gas
[H]OC(=O)C([H])([H])C([H])([H])C(F)(F)C(F)(F)C(F)(F)C(F)(F)C(F)(F)C(F)(F)F,[H]OC(=O)C([H])([H])C([H])([H])C(F)(F)C(F)(F)C(F)(F)C(F)(F)C(F)(F)[C](F)F,[F],124.79148974998397,gas
[H]OC(=O)C([H])([H])C([H])([H])C(F)(F)C(F)(F)C(F)(F)C(F)(F)C(F)(F)C(F)(F)F,[H]C([H])(C([O])=O)C([H])([H])C(F)(F)C(F)(F)C(F)(F)C(F)(F)C(F)(F)C(F)(F)F,[H],117.01454340001646,gas
[H]OC(=O)C([H])([H])C([H])([H])C(F)(F)C(F)(F)C(F)(F)C(F)(F)C(F)(F)C(F)(F)F,[H]OC(=O)[C]([H])C([H])([H])C(F)(F)C(F)(F)C(F)(F)C(F)(F)C(F)(F)C(F)(F)F,[H],101.45654057503124,gas
[H]OC(=O)C([H])([H])C([H])([H])C(F)(F)C(F)(F)C(F)(F)C(F)(F)C(F)(F)C(F)(F)F,[H]OC(=O)C([H])([H])[C]([H])C(F)(F)C(F)(F)C(F)(F)C(F)(F)C(F)(F)C(F)(F)F,[H],108.0850489750975,gas
[H]OC(=O)C(F)(OC(F)(F)C(F)(F)C(F)(F)F)C(F)(F)F,[H][O],O=[C]C(F)(OC(F)(F)C(F)(F)C(F)(F)F)C(F)(F)F,113.91061465004157,gas
[H]OC(=O)C(F)(OC(F)(F)C(F)(F)C(F)(F)F)C(F)(F)F,[H]O[C]=O,F[C](OC(F)(F)C(F)(F)C(F)(F)F)C(F)(F)F,88.3730965499791,gas
[H]OC(=O)C(F)(OC(F)(F)C(F)(F)C(F)(F)F)C(F)(F)F,[H]OC(=O)[C](OC(F)(F)C(F)(F)C(F)(F)F)C(F)(F)F,[F],108.92275519997496,gas
[H]OC(=O)C(F)(OC(F)(F)C(F)(F)C(F)(F)F)C(F)(F)F,[H]OC(=O)[C](F)C(F)(F)F,[O]C(F)(F)C(F)(F)C(F)(F)F,89.10907874998713,gas
[H]OC(=O)C(F)(OC(F)(F)C(F)(F)C(F)(F)F)C(F)(F)F,[H]OC(=O)C([O])(F)C(F)(F)F,F[C](F)C(F)(F)C(F)(F)F,94.81159794984023,gas
[H]OC(=O)C(F)(OC(F)(F)C(F)(F)C(F)(F)F)C(F)(F)F,[H]OC(=O)C(F)(O[C](F)C(F)(F)C(F)(F)F)C(F)(F)F,[F],121.18461347488278,gas
[H]OC(=O)C(F)(OC(F)(F)C(F)(F)C(F)(F)F)C(F)(F)F,[H]OC(=O)C(F)(O[C](F)F)C(F)(F)F,F[C](F)C(F)(F)F,94.0796317500218,gas
[H]OC(=O)C(F)(OC(F)(F)C(F)(F)C(F)(F)F)C(F)(F)F,[H]OC(=O)C(F)(OC(F)(F)[C](F)C(F)(F)F)C(F)(F)F,[F],118.47159839990468,gas
[H]OC(=O)C(F)(OC(F)(F)C(F)(F)C(F)(F)F)C(F)(F)F,[H]OC(=O)C(F)(OC(F)(F)[C](F)F)C(F)(F)F,F[C](F)F,93.85312307489528,gas
[H]OC(=O)C(F)(OC(F)(F)C(F)(F)C(F)(F)F)C(F)(F)F,[H]OC(=O)C(F)(OC(F)(F)C(F)(F)[C](F)F)C(F)(F)F,[F],124.76568694991784,gas
[H]OC(=O)C(F)(OC(F)(F)C(F)(F)C(F)(F)F)C(F)(F)F,[H]OC(=O)[C](F)OC(F)(F)C(F)(F)C(F)(F)F,F[C](F)F,86.02696189990866,gas
[H]OC(=O)C(F)(OC(F)(F)C(F)(F)C(F)(F)F)C(F)(F)F,[H]OC(=O)C(F)(OC(F)(F)C(F)(F)C(F)(F)F)[C](F)F,[F],125.73327312495678,gas
[H]OC(=O)C(F)(OC(F)(F)C(F)(F)C(F)(F)F)C(F)(F)F,[O]C(=O)C(F)(OC(F)(F)C(F)(F)C(F)(F)F)C(F)(F)F,[H],93.89885527507658,gas
[H]OS(=O)(=O)C(F)(OC(F)(F)C(F)(F)C(F)(F)F)C(F)(F)F,[H][O],O=[S](=O)C(F)(OC(F)(F)C(F)(F)C(F)(F)F)C(F)(F)F,89.0758338001524,gas
[H]OS(=O)(=O)C(F)(OC(F)(F)C(F)(F)C(F)(F)F)C(F)(F)F,[H]O[S](=O)=O,F[C](OC(F)(F)C(F)(F)C(F)(F)F)C(F)(F)F,62.131435600055056,gas
[H]OS(=O)(=O)C(F)(OC(F)(F)C(F)(F)C(F)(F)F)C(F)(F)F,[H]OS(=O)(=O)[C](OC(F)(F)C(F)(F)C(F)(F)F)C(F)(F)F,[F],109.86032804996056,gas
[H]OS(=O)(=O)C(F)(OC(F)(F)C(F)(F)C(F)(F)F)C(F)(F)F,[H]OS(=O)(=O)[C](F)C(F)(F)F,[O]C(F)(F)C(F)(F)C(F)(F)F,91.85038152514778,gas
[H]OS(=O)(=O)C(F)(OC(F)(F)C(F)(F)C(F)(F)F)C(F)(F)F,[H]OS(=O)(=O)C([O])(F)C(F)(F)F,F[C](F)C(F)(F)C(F)(F)F,65.12885877493432,gas
[H]OS(=O)(=O)C(F)(OC(F)(F)C(F)(F)C(F)(F)F)C(F)(F)F,[H]OS(=O)(=O)C(F)(O[C](F)C(F)(F)C(F)(F)F)C(F)(F)F,[F],117.8415131000088,gas
[H]OS(=O)(=O)C(F)(OC(F)(F)C(F)(F)C(F)(F)F)C(F)(F)F,[H]OS(=O)(=O)C(F)(O[C](F)F)C(F)(F)F,F[C](F)C(F)(F)F,89.67272435011068,gas
[H]OS(=O)(=O)C(F)(OC(F)(F)C(F)(F)C(F)(F)F)C(F)(F)F,[H]OS(=O)(=O)C(F)(OC(F)(F)[C](F)C(F)(F)F)C(F)(F)F,[F],118.17073725007788,gas
[H]OS(=O)(=O)C(F)(OC(F)(F)C(F)(F)C(F)(F)F)C(F)(F)F,[H]OS(=O)(=O)C(F)(OC(F)(F)[C](F)F)C(F)(F)F,F[C](F)F,94.2262408500426,gas
[H]OS(=O)(=O)C(F)(OC(F)(F)C(F)(F)C(F)(F)F)C(F)(F)F,[H]OS(=O)(=O)C(F)(OC(F)(F)C(F)(F)[C](F)F)C(F)(F)F,[F],125.21183317507052,gas
[H]OS(=O)(=O)C(F)(OC(F)(F)C(F)(F)C(F)(F)F)C(F)(F)F,[H]OS(=O)(=O)[C](F)OC(F)(F)C(F)(F)C(F)(F)F,F[C](F)F,87.67856072496272,gas
[H]OS(=O)(=O)C(F)(OC(F)(F)C(F)(F)C(F)(F)F)C(F)(F)F,[H]OS(=O)(=O)C(F)(OC(F)(F)C(F)(F)C(F)(F)F)[C](F)F,[F],122.68263795009771,gas
[H]OS(=O)(=O)C(F)(OC(F)(F)C(F)(F)C(F)(F)F)C(F)(F)F,[O]S(=O)(=O)C(F)(OC(F)(F)C(F)(F)C(F)(F)F)C(F)(F)F,[H],116.19802785018464,gas
[H]OC(=O)C(F)(F)C(F)(F)C(F)(F)C(F)(F)C(F)(F)C(F)(F)C(F)(F)F,[H][O],O=[C]C(F)(F)C(F)(F)C(F)(F)C(F)(F)C(F)(F)C(F)(F)C(F)(F)F,113.6109143750656,gas
[H]OC(=O)C(F)(F)C(F)(F)C(F)(F)C(F)(F)C(F)(F)C(F)(F)C(F)(F)F,[H]O[C]=O,F[C](F)C(F)(F)C(F)(F)C(F)(F)C(F)(F)C(F)(F)C(F)(F)F,89.24483209995685,gas
[H]OC(=O)C(F)(F)C(F)(F)C(F)(F)C(F)(F)C(F)(F)C(F)(F)C(F)(F)F,[H]OC(=O)[C](F)C(F)(F)C(F)(F)C(F)(F)C(F)(F)C(F)(F)C(F)(F)F,[F],108.85496637491713,gas
[H]OC(=O)C(F)(F)C(F)(F)C(F)(F)C(F)(F)C(F)(F)C(F)(F)C(F)(F)F,[H]OC(=O)[C](F)F,F[C](F)C(F)(F)C(F)(F)C(F)(F)C(F)(F)C(F)(F)F,82.29745957497869,gas
[H]OC(=O)C(F)(F)C(F)(F)C(F)(F)C(F)(F)C(F)(F)C(F)(F)C(F)(F)F,[H]OC(=O)C(F)(F)[C](F)C(F)(F)C(F)(F)C(F)(F)C(F)(F)C(F)(F)F,[F],115.5852176249391,gas
[H]OC(=O)C(F)(F)C(F)(F)C(F)(F)C(F)(F)C(F)(F)C(F)(F)C(F)(F)F,[H]OC(=O)C(F)(F)[C](F)F,F[C](F)C(F)(F)C(F)(F)C(F)(F)C(F)(F)F,87.62943375001328,gas
[H]OC(=O)C(F)(F)C(F)(F)C(F)(F)C(F)(F)C(F)(F)C(F)(F)C(F)(F)F,[H]OC(=O)C(F)(F)C(F)(F)[C](F)C(F)(F)C(F)(F)C(F)(F)C(F)(F)F,[F],114.16354734994228,gas
[H]OC(=O)C(F)(F)C(F)(F)C(F)(F)C(F)(F)C(F)(F)C(F)(F)C(F)(F)F,[H]OC(=O)C(F)(F)C(F)(F)[C](F)F,F[C](F)C(F)(F)C(F)(F)C(F)(F)F,86.6611887000937,gas
[H]OC(=O)C(F)(F)C(F)(F)C(F)(F)C(F)(F)C(F)(F)C(F)(F)C(F)(F)F,[H]OC(=O)C(F)(F)C(F)(F)C(F)(F)[C](F)C(F)(F)C(F)(F)C(F)(F)F,[F],113.87805367496468,gas
[H]OC(=O)C(F)(F)C(F)(F)C(F)(F)C(F)(F)C(F)(F)C(F)(F)C(F)(F)F,[H]OC(=O)C(F)(F)C(F)(F)C(F)(F)[C](F)F,F[C](F)C(F)(F)C(F)(F)F,86.14225247483944,gas
[H]OC(=O)C(F)(F)C(F)(F)C(F)(F)C(F)(F)C(F)(F)C(F)(F)C(F)(F)F,[H]OC(=O)C(F)(F)C(F)(F)C(F)(F)C(F)(F)[C](F)C(F)(F)C(F)(F)F,[F],114.39840804991718,gas
[H]OC(=O)C(F)(F)C(F)(F)C(F)(F)C(F)(F)C(F)(F)C(F)(F)C(F)(F)F,[H]OC(=O)C(F)(F)C(F)(F)C(F)(F)C(F)(F)[C](F)F,F[C](F)C(F)(F)F,87.69679587501798,gas
[H]OC(=O)C(F)(F)C(F)(F)C(F)(F)C(F)(F)C(F)(F)C(F)(F)C(F)(F)F,[H]OC(=O)C(F)(F)C(F)(F)C(F)(F)C(F)(F)C(F)(F)[C](F)C(F)(F)F,[F],116.0197990249776,gas
[H]OC(=O)C(F)(F)C(F)(F)C(F)(F)C(F)(F)C(F)(F)C(F)(F)C(F)(F)F,[H]OC(=O)C(F)(F)C(F)(F)C(F)(F)C(F)(F)C(F)(F)[C](F)F,F[C](F)F,92.3673222999605,gas
[H]OC(=O)C(F)(F)C(F)(F)C(F)(F)C(F)(F)C(F)(F)C(F)(F)C(F)(F)F,[H]OC(=O)C(F)(F)C(F)(F)C(F)(F)C(F)(F)C(F)(F)C(F)(F)[C](F)F,[F],125.28664372492015,gas
[H]OC(=O)C(F)(F)C(F)(F)C(F)(F)C(F)(F)C(F)(F)C(F)(F)C(F)(F)F,[O]C(=O)C(F)(F)C(F)(F)C(F)(F)C(F)(F)C(F)(F)C(F)(F)C(F)(F)F,[H],120.61468032505049,gas
[H]OS(=O)(=O)C(F)(F)C(F)(F)C(F)(F)C(F)(F)C(F)(F)C(F)(F)C(F)(F)F,[H][O],O=[S](=O)C(F)(F)C(F)(F)C(F)(F)C(F)(F)C(F)(F)C(F)(F)C(F)(F)F,91.14119984992726,gas
[H]OS(=O)(=O)C(F)(F)C(F)(F)C(F)(F)C(F)(F)C(F)(F)C(F)(F)C(F)(F)F,[H]O[S](=O)=O,F[C](F)C(F)(F)C(F)(F)C(F)(F)C(F)(F)C(F)(F)C(F)(F)F,64.85311644998774,gas
[H]OS(=O)(=O)C(F)(F)C(F)(F)C(F)(F)C(F)(F)C(F)(F)C(F)(F)C(F)(F)F,[H]OS(=O)(=O)[C](F)C(F)(F)C(F)(F)C(F)(F)C(F)(F)C(F)(F)C(F)(F)F,[F],113.17315782507649,gas
[H]OS(=O)(=O)C(F)(F)C(F)(F)C(F)(F)C(F)(F)C(F)(F)C(F)(F)C(F)(F)F,[H]OS(=O)(=O)[C](F)F,F[C](F)C(F)(F)C(F)(F)C(F)(F)C(F)(F)C(F)(F)F,85.64355312473026,gas
[H]OS(=O)(=O)C(F)(F)C(F)(F)C(F)(F)C(F)(F)C(F)(F)C(F)(F)C(F)(F)F,[H]OS(=O)(=O)C(F)(F)[C](F)C(F)(F)C(F)(F)C(F)(F)C(F)(F)C(F)(F)F,[F],113.03116712486712,gas
[H]OS(=O)(=O)C(F)(F)C(F)(F)C(F)(F)C(F)(F)C(F)(F)C(F)(F)C(F)(F)F,[H]OS(=O)(=O)C(F)(F)[C](F)F,F[C](F)C(F)(F)C(F)(F)C(F)(F)C(F)(F)F,85.31361362494977,gas
[H]OS(=O)(=O)C(F)(F)C(F)(F)C(F)(F)C(F)(F)C(F)(F)C(F)(F)C(F)(F)F,[H]OS(=O)(=O)C(F)(F)C(F)(F)[C](F)C(F)(F)C(F)(F)C(F)(F)C(F)(F)F,[F],112.86155387514556,gas
[H]OS(=O)(=O)C(F)(F)C(F)(F)C(F)(F)C(F)(F)C(F)(F)C(F)(F)C(F)(F)F,[H]OS(=O)(=O)C(F)(F)C(F)(F)[C](F)F,F[C](F)C(F)(F)C(F)(F)C(F)(F)F,86.00060690011787,gas
[H]OS(=O)(=O)C(F)(F)C(F)(F)C(F)(F)C(F)(F)C(F)(F)C(F)(F)C(F)(F)F,[H]OS(=O)(=O)C(F)(F)C(F)(F)C(F)(F)[C](F)C(F)(F)C(F)(F)C(F)(F)F,[F],113.7607300001332,gas
[H]OS(=O)(=O)C(F)(F)C(F)(F)C(F)(F)C(F)(F)C(F)(F)C(F)(F)C(F)(F)F,[H]OS(=O)(=O)C(F)(F)C(F)(F)C(F)(F)[C](F)F,F[C](F)C(F)(F)C(F)(F)F,85.54341039983115,gas
[H]OS(=O)(=O)C(F)(F)C(F)(F)C(F)(F)C(F)(F)C(F)(F)C(F)(F)C(F)(F)F,[H]OS(=O)(=O)C(F)(F)C(F)(F)C(F)(F)C(F)(F)[C](F)C(F)(F)C(F)(F)F,[F],113.87204222504693,gas
[H]OS(=O)(=O)C(F)(F)C(F)(F)C(F)(F)C(F)(F)C(F)(F)C(F)(F)C(F)(F)F,[H]OS(=O)(=O)C(F)(F)C(F)(F)C(F)(F)C(F)(F)[C](F)F,F[C](F)C(F)(F)F,86.79170242497321,gas
[H]OS(=O)(=O)C(F)(F)C(F)(F)C(F)(F)C(F)(F)C(F)(F)C(F)(F)C(F)(F)F,[H]OS(=O)(=O)C(F)(F)C(F)(F)C(F)(F)C(F)(F)C(F)(F)[C](F)C(F)(F)F,[F],115.7139806249279,gas
[H]OS(=O)(=O)C(F)(F)C(F)(F)C(F)(F)C(F)(F)C(F)(F)C(F)(F)C(F)(F)F,[H]OS(=O)(=O)C(F)(F)C(F)(F)C(F)(F)C(F)(F)C(F)(F)[C](F)F,F[C](F)F,91.48426037491504,gas
[H]OS(=O)(=O)C(F)(F)C(F)(F)C(F)(F)C(F)(F)C(F)(F)C(F)(F)C(F)(F)F,[H]OS(=O)(=O)C(F)(F)C(F)(F)C(F)(F)C(F)(F)C(F)(F)C(F)(F)[C](F)F,[F],125.40397995004696,gas
[H]OS(=O)(=O)C(F)(F)C(F)(F)C(F)(F)C(F)(F)C(F)(F)C(F)(F)C(F)(F)F,[O]S(=O)(=O)C(F)(F)C(F)(F)C(F)(F)C(F)(F)C(F)(F)C(F)(F)C(F)(F)F,[H],115.51855829977852,gas
[H]OS(=O)(=O)C(F)(F)C(F)(F)C(F)(F)C(F)(F)C(F)(F)C(F)(F)C(F)(F)C(F)(F)F,[H][O],O=[S](=O)C(F)(F)C(F)(F)C(F)(F)C(F)(F)C(F)(F)C(F)(F)C(F)(F)C(F)(F)F,91.2912162750115,gas
[H]OS(=O)(=O)C(F)(F)C(F)(F)C(F)(F)C(F)(F)C(F)(F)C(F)(F)C(F)(F)C(F)(F)F,[H]O[S](=O)=O,F[C](F)C(F)(F)C(F)(F)C(F)(F)C(F)(F)C(F)(F)C(F)(F)C(F)(F)F,65.25627892485659,gas
[H]OS(=O)(=O)C(F)(F)C(F)(F)C(F)(F)C(F)(F)C(F)(F)C(F)(F)C(F)(F)C(F)(F)F,[H]OS(=O)(=O)[C](F)C(F)(F)C(F)(F)C(F)(F)C(F)(F)C(F)(F)C(F)(F)C(F)(F)F,[F],113.80681987509888,gas
[H]OS(=O)(=O)C(F)(F)C(F)(F)C(F)(F)C(F)(F)C(F)(F)C(F)(F)C(F)(F)C(F)(F)F,[H]OS(=O)(=O)[C](F)F,F[C](F)C(F)(F)C(F)(F)C(F)(F)C(F)(F)C(F)(F)C(F)(F)F,85.95651247488036,gas
[H]OS(=O)(=O)C(F)(F)C(F)(F)C(F)(F)C(F)(F)C(F)(F)C(F)(F)C(F)(F)C(F)(F)F,[H]OS(=O)(=O)C(F)(F)[C](F)C(F)(F)C(F)(F)C(F)(F)C(F)(F)C(F)(F)C(F)(F)F,[F],113.13726482485322,gas
[H]OS(=O)(=O)C(F)(F)C(F)(F)C(F)(F)C(F)(F)C(F)(F)C(F)(F)C(F)(F)C(F)(F)F,[H]OS(=O)(=O)C(F)(F)[C](F)F,F[C](F)C(F)(F)C(F)(F)C(F)(F)C(F)(F)C(F)(F)F,85.70226830000934,gas
[H]OS(=O)(=O)C(F)(F)C(F)(F)C(F)(F)C(F)(F)C(F)(F)C(F)(F)C(F)(F)C(F)(F)F,[H]OS(=O)(=O)C(F)(F)C(F)(F)[C](F)C(F)(F)C(F)(F)C(F)(F)C(F)(F)C(F)(F)F,[F],113.49923819986316,gas
[H]OS(=O)(=O)C(F)(F)C(F)(F)C(F)(F)C(F)(F)C(F)(F)C(F)(F)C(F)(F)C(F)(F)F,[H]OS(=O)(=O)C(F)(F)C(F)(F)[C](F)F,F[C](F)C(F)(F)C(F)(F)C(F)(F)C(F)(F)F,86.30457417505454,gas
[H]OS(=O)(=O)C(F)(F)C(F)(F)C(F)(F)C(F)(F)C(F)(F)C(F)(F)C(F)(F)C(F)(F)F,[H]OS(=O)(=O)C(F)(F)C(F)(F)C(F)(F)[C](F)C(F)(F)C(F)(F)C(F)(F)C(F)(F)F,[F],114.25327985007245,gas
[H]OS(=O)(=O)C(F)(F)C(F)(F)C(F)(F)C(F)(F)C(F)(F)C(F)(F)C(F)(F)C(F)(F)F,[H]OS(=O)(=O)C(F)(F)C(F)(F)C(F)(F)[C](F)F,F[C](F)C(F)(F)C(F)(F)C(F)(F)F,86.32275912506998,gas
[H]OS(=O)(=O)C(F)(F)C(F)(F)C(F)(F)C(F)(F)C(F)(F)C(F)(F)C(F)(F)C(F)(F)F,[H]OS(=O)(=O)C(F)(F)C(F)(F)C(F)(F)C(F)(F)[C](F)C(F)(F)C(F)(F)C(F)(F)F,[F],114.20557102510656,gas
[H]OS(=O)(=O)C(F)(F)C(F)(F)C(F)(F)C(F)(F)C(F)(F)C(F)(F)C(F)(F)C(F)(F)F,[H]OS(=O)(=O)C(F)(F)C(F)(F)C(F)(F)C(F)(F)[C](F)F,F[C](F)C(F)(F)C(F)(F)F,85.85525907474221,gas
[H]OS(=O)(=O)C(F)(F)C(F)(F)C(F)(F)C(F)(F)C(F)(F)C(F)(F)C(F)(F)C(F)(F)F,[H]OS(=O)(=O)C(F)(F)C(F)(F)C(F)(F)C(F)(F)C(F)(F)[C](F)C(F)(F)C(F)(F)F,[F],115.26000947505965,gas
[H]OS(=O)(=O)C(F)(F)C(F)(F)C(F)(F)C(F)(F)C(F)(F)C(F)(F)C(F)(F)C(F)(F)F,[H]OS(=O)(=O)C(F)(F)C(F)(F)C(F)(F)C(F)(F)C(F)(F)[C](F)F,F[C](F)C(F)(F)F,87.10398407487105,gas
[H]OS(=O)(=O)C(F)(F)C(F)(F)C(F)(F)C(F)(F)C(F)(F)C(F)(F)C(F)(F)C(F)(F)F,[H]OS(=O)(=O)C(F)(F)C(F)(F)C(F)(F)C(F)(F)C(F)(F)C(F)(F)[C](F)C(F)(F)F,[F],116.43595702495418,gas
[H]OS(=O)(=O)C(F)(F)C(F)(F)C(F)(F)C(F)(F)C(F)(F)C(F)(F)C(F)(F)C(F)(F)F,[H]OS(=O)(=O)C(F)(F)C(F)(F)C(F)(F)C(F)(F)C(F)(F)C(F)(F)[C](F)F,F[C](F)F,93.119437524997,gas
[H]OS(=O)(=O)C(F)(F)C(F)(F)C(F)(F)C(F)(F)C(F)(F)C(F)(F)C(F)(F)C(F)(F)F,[H]OS(=O)(=O)C(F)(F)C(F)(F)C(F)(F)C(F)(F)C(F)(F)C(F)(F)C(F)(F)[C](F)F,[F],125.42479412493662,gas
[H]OS(=O)(=O)C(F)(F)C(F)(F)C(F)(F)C(F)(F)C(F)(F)C(F)(F)C(F)(F)C(F)(F)F,[O]S(=O)(=O)C(F)(F)C(F)(F)C(F)(F)C(F)(F)C(F)(F)C(F)(F)C(F)(F)C(F)(F)F,[H],116.52073227471874,gas
[H]OC(=O)C(F)(F)C(F)(F)C(F)(F)C(F)(F)C(F)(F)C(F)(F)C(F)(F)C(F)(F)F,[H][O],O=[C]C(F)(F)C(F)(F)C(F)(F)C(F)(F)C(F)(F)C(F)(F)C(F)(F)C(F)(F)F,113.10410772480282,gas
[H]OC(=O)C(F)(F)C(F)(F)C(F)(F)C(F)(F)C(F)(F)C(F)(F)C(F)(F)C(F)(F)F,[H]O[C]=O,F[C](F)C(F)(F)C(F)(F)C(F)(F)C(F)(F)C(F)(F)C(F)(F)C(F)(F)F,88.7052071997698,gas
[H]OC(=O)C(F)(F)C(F)(F)C(F)(F)C(F)(F)C(F)(F)C(F)(F)C(F)(F)C(F)(F)F,[H]OC(=O)[C](F)C(F)(F)C(F)(F)C(F)(F)C(F)(F)C(F)(F)C(F)(F)C(F)(F)F,[F],108.9028508998797,gas
[H]OC(=O)C(F)(F)C(F)(F)C(F)(F)C(F)(F)C(F)(F)C(F)(F)C(F)(F)C(F)(F)F,[H]OC(=O)[C](F)F,F[C](F)C(F)(F)C(F)(F)C(F)(F)C(F)(F)C(F)(F)C(F)(F)F,81.66763155007288,gas
[H]OC(=O)C(F)(F)C(F)(F)C(F)(F)C(F)(F)C(F)(F)C(F)(F)C(F)(F)C(F)(F)F,[H]OC(=O)C(F)(F)[C](F)C(F)(F)C(F)(F)C(F)(F)C(F)(F)C(F)(F)C(F)(F)F,[F],115.05626650001544,gas
[H]OC(=O)C(F)(F)C(F)(F)C(F)(F)C(F)(F)C(F)(F)C(F)(F)C(F)(F)C(F)(F)F,[H]OC(=O)C(F)(F)[C](F)F,F[C](F)C(F)(F)C(F)(F)C(F)(F)C(F)(F)C(F)(F)F,87.07530104987427,gas
[H]OC(=O)C(F)(F)C(F)(F)C(F)(F)C(F)(F)C(F)(F)C(F)(F)C(F)(F)C(F)(F)F,[H]OC(=O)C(F)(F)C(F)(F)[C](F)C(F)(F)C(F)(F)C(F)(F)C(F)(F)C(F)(F)F,[F],114.09473570000046,gas
[H]OC(=O)C(F)(F)C(F)(F)C(F)(F)C(F)(F)C(F)(F)C(F)(F)C(F)(F)C(F)(F)F,[H]OC(=O)C(F)(F)C(F)(F)[C](F)F,F[C](F)C(F)(F)C(F)(F)C(F)(F)C(F)(F)F,86.02236859997447,gas
[H]OC(=O)C(F)(F)C(F)(F)C(F)(F)C(F)(F)C(F)(F)C(F)(F)C(F)(F)C(F)(F)F,[H]OC(=O)C(F)(F)C(F)(F)C(F)(F)[C](F)C(F)(F)C(F)(F)C(F)(F)C(F)(F)F,[F],113.07435794995854,gas
[H]OC(=O)C(F)(F)C(F)(F)C(F)(F)C(F)(F)C(F)(F)C(F)(F)C(F)(F)C(F)(F)F,[H]OC(=O)C(F)(F)C(F)(F)C(F)(F)[C](F)F,F[C](F)C(F)(F)C(F)(F)C(F)(F)F,85.97881382473702,gas
[H]OC(=O)C(F)(F)C(F)(F)C(F)(F)C(F)(F)C(F)(F)C(F)(F)C(F)(F)C(F)(F)F,[H]OC(=O)C(F)(F)C(F)(F)C(F)(F)C(F)(F)[C](F)C(F)(F)C(F)(F)C(F)(F)F,[F],113.58301572490632,gas
[H]OC(=O)C(F)(F)C(F)(F)C(F)(F)C(F)(F)C(F)(F)C(F)(F)C(F)(F)C(F)(F)F,[H]OC(=O)C(F)(F)C(F)(F)C(F)(F)C(F)(F)[C](F)F,F[C](F)C(F)(F)C(F)(F)F,85.81756514973108,gas
[H]OC(=O)C(F)(F)C(F)(F)C(F)(F)C(F)(F)C(F)(F)C(F)(F)C(F)(F)C(F)(F)F,[H]OC(=O)C(F)(F)C(F)(F)C(F)(F)C(F)(F)C(F)(F)[C](F)C(F)(F)C(F)(F)F,[F],114.15473097486824,gas
[H]OC(=O)C(F)(F)C(F)(F)C(F)(F)C(F)(F)C(F)(F)C(F)(F)C(F)(F)C(F)(F)F,[H]OC(=O)C(F)(F)C(F)(F)C(F)(F)C(F)(F)C(F)(F)[C](F)F,F[C](F)C(F)(F)F,87.0442586250033,gas
[H]OC(=O)C(F)(F)C(F)(F)C(F)(F)C(F)(F)C(F)(F)C(F)(F)C(F)(F)C(F)(F)F,[H]OC(=O)C(F)(F)C(F)(F)C(F)(F)C(F)(F)C(F)(F)C(F)(F)[C](F)C(F)(F)F,[F],115.70504502497327,gas
[H]OC(=O)C(F)(F)C(F)(F)C(F)(F)C(F)(F)C(F)(F)C(F)(F)C(F)(F)C(F)(F)F,[H]OC(=O)C(F)(F)C(F)(F)C(F)(F)C(F)(F)C(F)(F)C(F)(F)[C](F)F,F[C](F)F,92.059313924957,gas
[H]OC(=O)C(F)(F)C(F)(F)C(F)(F)C(F)(F)C(F)(F)C(F)(F)C(F)(F)C(F)(F)F,[H]OC(=O)C(F)(F)C(F)(F)C(F)(F)C(F)(F)C(F)(F)C(F)(F)C(F)(F)[C](F)F,[F],125.2028034499699,gas
[H]OC(=O)C(F)(F)C(F)(F)C(F)(F)C(F)(F)C(F)(F)C(F)(F)C(F)(F)C(F)(F)F,[O]C(=O)C(F)(F)C(F)(F)C(F)(F)C(F)(F)C(F)(F)C(F)(F)C(F)(F)C(F)(F)F,[H],120.22911294972914,gas
FC(Cl)(Cl)Cl,[F],Cl[C](Cl)Cl,105.82646312485168,gas
FC(Cl)(Cl)Cl,F[C](Cl)Cl,[Cl],75.19842657489619,gas
FC(F)(Cl)Cl,[F],F[C](Cl)Cl,115.48030589996642,gas
FC(F)(Cl)Cl,F[C](F)Cl,[Cl],81.76463049997494,gas
[H]C(F)(F)Cl,[H][C](F)Cl,[F],120.0011359250786,gas
[H]C(F)(F)Cl,[H][C](F)F,[Cl],87.85343870000844,gas
[H]C(F)(F)Cl,F[C](F)Cl,[H],106.43624252497574,gas
[H]C(F)(F)C(F)(F)F,[H][C](F)C(F)(F)F,[F],120.26308579999863,gas
[H]C(F)(F)C(F)(F)F,[H][C](F)F,F[C](F)F,97.41582334997958,gas
[H]C(F)(F)C(F)(F)F,[H]C(F)(F)[C](F)F,[F],126.72957997502238,gas
[H]C(F)(F)C(F)(F)F,F[C](F)C(F)(F)F,[H],108.08234445002086,gas
[H]C([H])(F)C(F)(F)F,[H][C]([H])C(F)(F)F,[F],114.4274048249845,gas
[H]C([H])(F)C(F)(F)F,[H][C]([H])F,F[C](F)F,101.03310984995672,gas
[H]C([H])(F)C(F)(F)F,[H]C([H])(F)[C](F)F,[F],126.56021144999556,gas
[H]C([H])(F)C(F)(F)F,[H][C](F)C(F)(F)F,[H],107.83749394996846,gas
[H]C(F)=C([H])C(F)(F)F,[H][C]=C([H])C(F)(F)F,[F],128.30441045002914,gas
[H]C(F)=C([H])C(F)(F)F,[H][C]=C([H])F,F[C](F)F,114.92818119999356,gas
[H]C(F)=C([H])C(F)(F)F,[H]C(F)=C([H])[C](F)F,[F],117.80895840000824,gas
[H]C(F)=C([H])C(F)(F)F,[H]C(=[C]F)C(F)(F)F,[H],120.33588834996748,gas
[H]C(F)=C([H])C(F)(F)F,[H]C(F)=[C]C(F)(F)F,[H],125.31680765002164,gas
[H]C([H])=C(F)C(F)(F)F,[H]C([H])=[C]C(F)(F)F,[F],126.696692699972,gas
[H]C([H])=C(F)C(F)(F)F,[H]C([H])=[C]F,F[C](F)F,109.70673487496384,gas
[H]C([H])=C(F)C(F)(F)F,[H]C([H])=C(F)[C](F)F,[F],118.84046799996356,gas
[H]C([H])=C(F)C(F)(F)F,[H][C]=C(F)C(F)(F)F,[H],123.00578789998524,gas
[H]C(=C([H])C(F)(F)F)C(F)(F)F,[H][C]=C([H])C(F)(F)F,F[C](F)F,111.9440798499815,gas
[H]C(=C([H])C(F)(F)F)C(F)(F)F,[H]C([C](F)F)=C([H])C(F)(F)F,[F],113.57553592503648,gas
[H]C(=C([H])C(F)(F)F)C(F)(F)F,[H]C(=[C]C(F)(F)F)C(F)(F)F,[H],121.69542985004485,gas
FS(F)(F)(F)(F)F,[F],F[S](F)(F)(F)F,104.13231352499992,gas
FC(F)(F)C(F)(F)F,[F],F[C](F)C(F)(F)F,126.0467282000721,gas
FC(F)(F)C(F)(F)F,F[C](F)F,F[C](F)F,98.1424620749948,gas
[H]OC([H])([H])C([H])([H])C(F)(F)C(F)(F)C(F)(F)C(F)(F)F,[H][O],[H][C]([H])C([H])([H])C(F)(F)C(F)(F)C(F)(F)C(F)(F)F,99.49513872511945,gas
[H]OC([H])([H])C([H])([H])C(F)(F)C(F)(F)C(F)(F)C(F)(F)F,[H]O[C]([H])[H],[H][C]([H])C(F)(F)C(F)(F)C(F)(F)C(F)(F)F,94.26500779997752,gas
[H]OC([H])([H])C([H])([H])C(F)(F)C(F)(F)C(F)(F)C(F)(F)F,[H]OC([H])([H])[C]([H])[H],F[C](F)C(F)(F)C(F)(F)C(F)(F)F,100.96182585001544,gas
[H]OC([H])([H])C([H])([H])C(F)(F)C(F)(F)C(F)(F)C(F)(F)F,[H]OC([H])([H])C([H])([H])[C](F)C(F)(F)C(F)(F)C(F)(F)F,[F],118.04820532496706,gas
[H]OC([H])([H])C([H])([H])C(F)(F)C(F)(F)C(F)(F)C(F)(F)F,[H]OC([H])([H])C([H])([H])[C](F)F,F[C](F)C(F)(F)C(F)(F)F,90.80360485006622,gas
[H]OC([H])([H])C([H])([H])C(F)(F)C(F)(F)C(F)(F)C(F)(F)F,[H]OC([H])([H])C([H])([H])C(F)(F)[C](F)C(F)(F)C(F)(F)F,[F],115.47156482495213,gas
[H]OC([H])([H])C([H])([H])C(F)(F)C(F)(F)C(F)(F)C(F)(F)F,[H]OC([H])([H])C([H])([H])C(F)(F)[C](F)F,F[C](F)C(F)(F)F,89.99114922510216,gas
[H]OC([H])([H])C([H])([H])C(F)(F)C(F)(F)C(F)(F)C(F)(F)F,[H]OC([H])([H])C([H])([H])C(F)(F)C(F)(F)[C](F)C(F)(F)F,[F],116.59051654993276,gas
[H]OC([H])([H])C([H])([H])C(F)(F)C(F)(F)C(F)(F)C(F)(F)F,[H]OC([H])([H])C([H])([H])C(F)(F)C(F)(F)[C](F)F,F[C](F)F,92.84295475003375,gas
[H]OC([H])([H])C([H])([H])C(F)(F)C(F)(F)C(F)(F)C(F)(F)F,[H]OC([H])([H])C([H])([H])C(F)(F)C(F)(F)C(F)(F)[C](F)F,[F],125.41221275001476,gas
[H]OC([H])([H])C([H])([H])C(F)(F)C(F)(F)C(F)(F)C(F)(F)F,[H]C([H])([O])C([H])([H])C(F)(F)C(F)(F)C(F)(F)C(F)(F)F,[H],112.05434415006266,gas
[H]OC([H])([H])C([H])([H])C(F)(F)C(F)(F)C(F)(F)C(F)(F)F,[H]O[C]([H])C([H])([H])C(F)(F)C(F)(F)C(F)(F)C(F)(F)F,[H],100.39018590011324,gas
[H]OC([H])([H])C([H])([H])C(F)(F)C(F)(F)C(F)(F)C(F)(F)F,[H]OC([H])([H])[C]([H])C(F)(F)C(F)(F)C(F)(F)C(F)(F)F,[H],108.25137412506422,gas
[H]OC([H])([H])C([H])([H])C(F)(F)C(F)(F)C(F)(F)C(F)(F)C(F)(F)C(F)(F)F,[H][O],[H][C]([H])C([H])([H])C(F)(F)C(F)(F)C(F)(F)C(F)(F)C(F)(F)C(F)(F)F,99.7107226250688,gas
[H]OC([H])([H])C([H])([H])C(F)(F)C(F)(F)C(F)(F)C(F)(F)C(F)(F)C(F)(F)F,[H]O[C]([H])[H],[H][C]([H])C(F)(F)C(F)(F)C(F)(F)C(F)(F)C(F)(F)C(F)(F)F,94.45539129991062,gas
[H]OC([H])([H])C([H])([H])C(F)(F)C(F)(F)C(F)(F)C(F)(F)C(F)(F)C(F)(F)F,[H]OC([H])([H])[C]([H])[H],F[C](F)C(F)(F)C(F)(F)C(F)(F)C(F)(F)C(F)(F)F,101.15608729988594,gas
[H]OC([H])([H])C([H])([H])C(F)(F)C(F)(F)C(F)(F)C(F)(F)C(F)(F)C(F)(F)F,[H]OC([H])([H])C([H])([H])[C](F)C(F)(F)C(F)(F)C(F)(F)C(F)(F)C(F)(F)F,[F],118.54078654985985,gas
[H]OC([H])([H])C([H])([H])C(F)(F)C(F)(F)C(F)(F)C(F)(F)C(F)(F)C(F)(F)F,[H]OC([H])([H])C([H])([H])[C](F)F,F[C](F)C(F)(F)C(F)(F)C(F)(F)C(F)(F)F,91.38856034997332,gas
[H]OC([H])([H])C([H])([H])C(F)(F)C(F)(F)C(F)(F)C(F)(F)C(F)(F)C(F)(F)F,[H]OC([H])([H])C([H])([H])C(F)(F)[C](F)C(F)(F)C(F)(F)C(F)(F)C(F)(F)F,[F],117.20461314984334,gas
[H]OC([H])([H])C([H])([H])C(F)(F)C(F)(F)C(F)(F)C(F)(F)C(F)(F)C(F)(F)F,[H]OC([H])([H])C([H])([H])C(F)(F)[C](F)F,F[C](F)C(F)(F)C(F)(F)C(F)(F)F,89.33569409998427,gas
[H]OC([H])([H])C([H])([H])C(F)(F)C(F)(F)C(F)(F)C(F)(F)C(F)(F)C(F)(F)F,[H]OC([H])([H])C([H])([H])C(F)(F)C(F)(F)[C](F)C(F)(F)C(F)(F)C(F)(F)F,[F],114.77458802492548,gas
[H]OC([H])([H])C([H])([H])C(F)(F)C(F)(F)C(F)(F)C(F)(F)C(F)(F)C(F)(F)F,[H]OC([H])([H])C([H])([H])C(F)(F)C(F)(F)[C](F)F,F[C](F)C(F)(F)C(F)(F)F,87.02787459991839,gas
[H]OC([H])([H])C([H])([H])C(F)(F)C(F)(F)C(F)(F)C(F)(F)C(F)(F)C(F)(F)F,[H]OC([H])([H])C([H])([H])C(F)(F)C(F)(F)C(F)(F)[C](F)C(F)(F)C(F)(F)F,[F],114.78193604997614,gas
[H]OC([H])([H])C([H])([H])C(F)(F)C(F)(F)C(F)(F)C(F)(F)C(F)(F)C(F)(F)F,[H]OC([H])([H])C([H])([H])C(F)(F)C(F)(F)C(F)(F)[C](F)F,F[C](F)C(F)(F)F,88.24903352493777,gas
[H]OC([H])([H])C([H])([H])C(F)(F)C(F)(F)C(F)(F)C(F)(F)C(F)(F)C(F)(F)F,[H]OC([H])([H])C([H])([H])C(F)(F)C(F)(F)C(F)(F)C(F)(F)[C](F)C(F)(F)F,[F],116.95284132493612,gas
[H]OC([H])([H])C([H])([H])C(F)(F)C(F)(F)C(F)(F)C(F)(F)C(F)(F)C(F)(F)F,[H]OC([H])([H])C([H])([H])C(F)(F)C(F)(F)C(F)(F)C(F)(F)[C](F)F,F[C](F)F,93.0099136748612,gas
[H]OC([H])([H])C([H])([H])C(F)(F)C(F)(F)C(F)(F)C(F)(F)C(F)(F)C(F)(F)F,[H]OC([H])([H])C([H])([H])C(F)(F)C(F)(F)C(F)(F)C(F)(F)C(F)(F)[C](F)F,[F],124.930311574891,gas
[H]OC([H])([H])C([H])([H])C(F)(F)C(F)(F)C(F)(F)C(F)(F)C(F)(F)C(F)(F)F,[H]C([H])([O])C([H])([H])C(F)(F)C(F)(F)C(F)(F)C(F)(F)C(F)(F)C(F)(F)F,[H],111.18307757903722,gas
[H]OC([H])([H])C([H])([H])C(F)(F)C(F)(F)C(F)(F)C(F)(F)C(F)(F)C(F)(F)F,[H]O[C]([H])C([H])([H])C(F)(F)C(F)(F)C(F)(F)C(F)(F)C(F)(F)C(F)(F)F,[H],100.53594160002774,gas
[H]OC([H])([H])C([H])([H])C(F)(F)C(F)(F)C(F)(F)C(F)(F)C(F)(F)C(F)(F)F,[H]OC([H])([H])[C]([H])C(F)(F)C(F)(F)C(F)(F)C(F)(F)C(F)(F)C(F)(F)F,[H],108.924054125078,gas
