Parent_SMILES,Bond_Index,Frag1_SMILES,Frag2_SMILES,BDE_wB97X-V,BDEhet_wB97X-V
[H]C([H])([H])S(=O)(=O)[O-],0,[H][C]([H])[H],O=[S](=O)[O-],77.99672712893198,124.42015194244476
[H]C([H])([H])S(=O)(=O)[O-],3,[H]C([H])([H])[S](=O)=O,[O-],,
[H]C([H])([H])S(=O)(=O)[O-],4,[H][C]([H])S(=O)(=O)[O-],[H],105.60235959262428,123.29803877962746
[H]C([H])([H])C(=O)[O-],0,[H][C]([H])[H],O=[C][O-],85.92420236239064,73.16139452551809
[H]C([H])([H])C(=O)[O-],2,[H]C([H])([H])[C]=O,[O-],,
[H]C([H])([H])C(=O)[O-],3,[H][C]([H])C(=O)[O-],[H],99.40901491462434,101.33426476794284
[H]C([H])(F)S(=O)(=O)[O-],0,[H][C]([H])S(=O)(=O)[O-],[F],113.52042149515597,62.50488833217304
[H]C([H])(F)S(=O)(=O)[O-],1,[H][C]([H])F,O=[S](=O)[O-],73.37725860071941,114.50179053867743
[H]C([H])(F)S(=O)(=O)[O-],4,[H]C([H])(F)[S](=O)=O,[O-],,
[H]C([H])(F)S(=O)(=O)[O-],5,[H][C](F)S(=O)(=O)[O-],[H],102.43190264098757,120.2637260499688
[H]C([H])(F)C(=O)[O-],0,[H][C]([H])C(=O)[O-],[F],112.69267700190582,45.90671450522038
[H]C([H])(F)C(=O)[O-],1,[H][C]([H])F,O=[C][O-],86.6703340188387,68.60863330644705
[H]C([H])(F)C(=O)[O-],3,[H]C([H])(F)[C]=O,[O-],,
[H]C([H])(F)C(=O)[O-],4,[H][C](F)C(=O)[O-],[H],95.77193871646642,126.47329244320247
[H]C(F)(F)S(=O)(=O)[O-],0,[H][C](F)S(=O)(=O)[O-],[F],119.85639307892455,68.97700413791966
[H]C(F)(F)S(=O)(=O)[O-],2,[H][C](F)F,O=[S](=O)[O-],71.34211424702585,104.30163172799809
[H]C(F)(F)S(=O)(=O)[O-],5,[H]C(F)(F)[S](=O)=O,[O-],,
[H]C(F)(F)S(=O)(=O)[O-],6,O=S(=O)([O-])[C](F)F,[H],103.61290522513087,132.53384917658622
[H]C(F)(F)C(=O)[O-],0,[H][C](F)C(=O)[O-],[F],114.51722596072813,76.50736733744239
[H]C(F)(F)C(=O)[O-],2,[H][C](F)F,O=[C][O-],85.95598647146986,59.72927130205676
[H]C(F)(F)C(=O)[O-],4,[H]C(F)(F)[C]=O,[O-],,
[H]C(F)(F)C(=O)[O-],5,O=C([O-])[C](F)F,[H],98.15793670967366,105.29291935962519
O=C([O-])C(F)(F)F,1,O=[C]C(F)(F)F,[O-],,
O=C([O-])C(F)(F)F,2,O=[C][O-],F[C](F)F,91.19466226955353,42.74544252568603
O=C([O-])C(F)(F)F,3,O=C([O-])[C](F)F,[F],122.51343342969278,60.93720372969386
O=S(=O)([O-])C(F)(F)F,2,O=[S](=O)C(F)(F)F,[O-],,
O=S(=O)([O-])C(F)(F)F,3,O=[S](=O)[O-],F[C](F)F,73.85302631941443,84.59003922582525
O=S(=O)([O-])C(F)(F)F,4,O=S(=O)([O-])[C](F)F,[F],125.24063821941922,85.45036982088845
O=C([O-])C(F)(F)C(F)(F)F,1,O=[C]C(F)(F)C(F)(F)F,[O-],,
O=C([O-])C(F)(F)C(F)(F)F,2,O=[C][O-],F[C](F)C(F)(F)F,87.85751288515513,42.55099791880639
O=C([O-])C(F)(F)C(F)(F)F,3,O=C([O-])[C](F)C(F)(F)F,[F],113.35992029287041,56.65969319851371
O=C([O-])C(F)(F)C(F)(F)F,5,O=C([O-])[C](F)F,F[C](F)F,92.93491595107469,94.07716702314644
O=C([O-])C(F)(F)C(F)(F)F,6,O=C([O-])C(F)(F)[C](F)F,[F],125.63161350754427,51.0183694511079
O=S(=O)([O-])C(F)(F)C(F)(F)F,2,O=[S](=O)C(F)(F)C(F)(F)F,[O-],,
O=S(=O)([O-])C(F)(F)C(F)(F)F,3,O=[S](=O)[O-],F[C](F)C(F)(F)F,69.30898142803528,83.18869911210754
O=S(=O)([O-])C(F)(F)C(F)(F)F,4,O=S(=O)([O-])[C](F)C(F)(F)F,[F],116.53184883372603,73.63217055736698
O=S(=O)([O-])C(F)(F)C(F)(F)F,6,O=S(=O)([O-])[C](F)F,F[C](F)F,94.45522523389172,117.38343760750297
O=S(=O)([O-])C(F)(F)C(F)(F)F,7,O=S(=O)([O-])C(F)(F)[C](F)F,[F],124.06111023062749,56.647158468335306
O=C([O-])C(F)(F)C(F)(F)C(F)(F)F,1,O=[C]C(F)(F)C(F)(F)C(F)(F)F,[O-],,
O=C([O-])C(F)(F)C(F)(F)C(F)(F)F,2,O=[C][O-],F[C](F)C(F)(F)C(F)(F)F,87.04847963396645,42.65531112004879
O=C([O-])C(F)(F)C(F)(F)C(F)(F)F,3,O=C([O-])[C](F)C(F)(F)C(F)(F)F,[F],112.59355622260813,56.3234975847584
O=C([O-])C(F)(F)C(F)(F)C(F)(F)F,5,O=C([O-])[C](F)F,F[C](F)C(F)(F)F,87.95354206632084,92.23849791591135
O=C([O-])C(F)(F)C(F)(F)C(F)(F)F,6,O=C([O-])C(F)(F)[C](F)C(F)(F)F,[F],116.69041171714298,34.79052124712467
O=C([O-])C(F)(F)C(F)(F)C(F)(F)F,8,O=C([O-])C(F)(F)[C](F)F,F[C](F)F,94.40887152857073,82.51410824427637
O=C([O-])C(F)(F)C(F)(F)C(F)(F)F,9,O=C([O-])C(F)(F)C(F)(F)[C](F)F,[F],124.65734706469078,27.4221839189741
O=S(=O)([O-])C(F)(F)C(F)(F)C(F)(F)F,2,O=[S](=O)C(F)(F)C(F)(F)C(F)(F)F,[O-],,
O=S(=O)([O-])C(F)(F)C(F)(F)C(F)(F)F,3,O=[S](=O)[O-],F[C](F)C(F)(F)C(F)(F)F,67.95820981580391,82.75127395223592
O=S(=O)([O-])C(F)(F)C(F)(F)C(F)(F)F,4,O=S(=O)([O-])[C](F)C(F)(F)C(F)(F)F,[F],114.7839856984092,72.6891284244283
O=S(=O)([O-])C(F)(F)C(F)(F)C(F)(F)F,6,O=S(=O)([O-])[C](F)F,F[C](F)C(F)(F)F,88.93211298802385,115.00303013908251
O=S(=O)([O-])C(F)(F)C(F)(F)C(F)(F)F,7,O=S(=O)([O-])C(F)(F)[C](F)C(F)(F)F,[F],113.80534345483738,76.52871342599383
O=S(=O)([O-])C(F)(F)C(F)(F)C(F)(F)F,9,O=S(=O)([O-])C(F)(F)[C](F)F,F[C](F)F,92.29662989046858,87.60115890031841
O=S(=O)([O-])C(F)(F)C(F)(F)C(F)(F)F,10,O=S(=O)([O-])C(F)(F)C(F)(F)[C](F)F,[F],125.04617550183696,99.90606655806289
O=S(=O)([O-])C(F)(F)C(F)(F)C(F)(F)C(F)(F)F,2,O=[S](=O)C(F)(F)C(F)(F)C(F)(F)C(F)(F)F,[O-],,
O=S(=O)([O-])C(F)(F)C(F)(F)C(F)(F)C(F)(F)F,3,O=[S](=O)[O-],F[C](F)C(F)(F)C(F)(F)C(F)(F)F,68.49905302274976,82.64184794127061
O=S(=O)([O-])C(F)(F)C(F)(F)C(F)(F)C(F)(F)F,4,O=S(=O)([O-])[C](F)C(F)(F)C(F)(F)C(F)(F)F,[F],114.76363872985303,73.46928831538946
O=S(=O)([O-])C(F)(F)C(F)(F)C(F)(F)C(F)(F)F,6,O=S(=O)([O-])[C](F)F,F[C](F)C(F)(F)C(F)(F)F,87.576926842126,114.56119044554441
O=S(=O)([O-])C(F)(F)C(F)(F)C(F)(F)C(F)(F)F,7,O=S(=O)([O-])C(F)(F)[C](F)C(F)(F)C(F)(F)F,[F],112.45941462009057,53.6238486569664
O=S(=O)([O-])C(F)(F)C(F)(F)C(F)(F)C(F)(F)F,9,O=S(=O)([O-])C(F)(F)[C](F)F,F[C](F)C(F)(F)F,86.76910311093422,85.21633689837415
O=S(=O)([O-])C(F)(F)C(F)(F)C(F)(F)C(F)(F)F,10,O=S(=O)([O-])C(F)(F)C(F)(F)[C](F)C(F)(F)F,[F],113.48162372478157,45.65826256874914
O=S(=O)([O-])C(F)(F)C(F)(F)C(F)(F)C(F)(F)F,12,O=S(=O)([O-])C(F)(F)C(F)(F)[C](F)F,F[C](F)F,93.27728062801157,130.85565245637952
O=S(=O)([O-])C(F)(F)C(F)(F)C(F)(F)C(F)(F)F,13,O=S(=O)([O-])C(F)(F)C(F)(F)C(F)(F)[C](F)F,[F],123.90784142097573,47.57295532074522
O=C([O-])C(F)(F)C(F)(F)C(F)(F)C(F)(F)F,1,O=[C]C(F)(F)C(F)(F)C(F)(F)C(F)(F)F,[O-],,
O=C([O-])C(F)(F)C(F)(F)C(F)(F)C(F)(F)F,2,O=[C][O-],F[C](F)C(F)(F)C(F)(F)C(F)(F)F,87.44406279334044,42.400625061654296
O=C([O-])C(F)(F)C(F)(F)C(F)(F)C(F)(F)F,3,O=C([O-])[C](F)C(F)(F)C(F)(F)C(F)(F)F,[F],112.08247847334633,56.18904403328884
O=C([O-])C(F)(F)C(F)(F)C(F)(F)C(F)(F)F,5,O=C([O-])[C](F)F,F[C](F)C(F)(F)C(F)(F)F,86.45309587285112,91.65139817487272
O=C([O-])C(F)(F)C(F)(F)C(F)(F)C(F)(F)F,6,O=C([O-])C(F)(F)[C](F)C(F)(F)C(F)(F)F,[F],114.63810910900179,34.1152971408269
O=C([O-])C(F)(F)C(F)(F)C(F)(F)C(F)(F)F,8,O=C([O-])C(F)(F)[C](F)F,F[C](F)C(F)(F)F,88.7360847014645,79.98402619483159
O=C([O-])C(F)(F)C(F)(F)C(F)(F)C(F)(F)F,9,O=C([O-])C(F)(F)C(F)(F)[C](F)C(F)(F)F,[F],113.93945270256722,24.010731384449286
O=C([O-])C(F)(F)C(F)(F)C(F)(F)C(F)(F)F,11,O=C([O-])C(F)(F)C(F)(F)[C](F)F,F[C](F)F,92.7431921434362,58.226509769861536
O=C([O-])C(F)(F)C(F)(F)C(F)(F)C(F)(F)F,12,O=C([O-])C(F)(F)C(F)(F)C(F)(F)[C](F)F,[F],124.0984972125085,29.22874681638973
O=C([O-])C(F)(F)C(F)(F)C(F)(F)C(F)(F)C(F)(F)F,1,O=[C]C(F)(F)C(F)(F)C(F)(F)C(F)(F)C(F)(F)F,[O-],,
O=C([O-])C(F)(F)C(F)(F)C(F)(F)C(F)(F)C(F)(F)F,2,O=[C][O-],F[C](F)C(F)(F)C(F)(F)C(F)(F)C(F)(F)F,87.48193888004607,42.560041637237305
O=C([O-])C(F)(F)C(F)(F)C(F)(F)C(F)(F)C(F)(F)F,3,O=C([O-])[C](F)C(F)(F)C(F)(F)C(F)(F)C(F)(F)F,[F],112.15828129837007,55.79381495744826
O=C([O-])C(F)(F)C(F)(F)C(F)(F)C(F)(F)C(F)(F)F,5,O=C([O-])[C](F)F,F[C](F)C(F)(F)C(F)(F)C(F)(F)F,86.85796525522562,91.40599833947874
O=C([O-])C(F)(F)C(F)(F)C(F)(F)C(F)(F)C(F)(F)F,6,O=C([O-])C(F)(F)[C](F)C(F)(F)C(F)(F)C(F)(F)F,[F],113.98134952533951,33.06021052390065
O=C([O-])C(F)(F)C(F)(F)C(F)(F)C(F)(F)C(F)(F)F,8,O=C([O-])C(F)(F)[C](F)F,F[C](F)C(F)(F)C(F)(F)F,87.24492473113798,79.40621267686481
O=C([O-])C(F)(F)C(F)(F)C(F)(F)C(F)(F)C(F)(F)F,9,O=C([O-])C(F)(F)C(F)(F)[C](F)C(F)(F)C(F)(F)F,[F],111.91396374720796,24.343931564179684
O=C([O-])C(F)(F)C(F)(F)C(F)(F)C(F)(F)C(F)(F)F,11,O=C([O-])C(F)(F)C(F)(F)[C](F)F,F[C](F)C(F)(F)F,87.07969153947317,55.705713943488604
O=C([O-])C(F)(F)C(F)(F)C(F)(F)C(F)(F)C(F)(F)F,12,O=C([O-])C(F)(F)C(F)(F)C(F)(F)[C](F)C(F)(F)F,[F],113.88195406556576,55.756341020367586
O=C([O-])C(F)(F)C(F)(F)C(F)(F)C(F)(F)C(F)(F)F,14,O=C([O-])C(F)(F)C(F)(F)C(F)(F)[C](F)F,F[C](F)F,92.19362851425444,60.04235889027768
O=C([O-])C(F)(F)C(F)(F)C(F)(F)C(F)(F)C(F)(F)F,15,O=C([O-])C(F)(F)C(F)(F)C(F)(F)C(F)(F)[C](F)F,[F],124.19520391857645,101.43049373069687
O=S(=O)([O-])C(F)(F)C(F)(F)C(F)(F)C(F)(F)C(F)(F)F,2,O=[S](=O)C(F)(F)C(F)(F)C(F)(F)C(F)(F)C(F)(F)F,[O-],,
O=S(=O)([O-])C(F)(F)C(F)(F)C(F)(F)C(F)(F)C(F)(F)F,3,O=[S](=O)[O-],F[C](F)C(F)(F)C(F)(F)C(F)(F)C(F)(F)F,68.69129990717283,82.95563531471373
O=S(=O)([O-])C(F)(F)C(F)(F)C(F)(F)C(F)(F)C(F)(F)F,4,O=S(=O)([O-])[C](F)C(F)(F)C(F)(F)C(F)(F)C(F)(F)F,[F],114.58542533459081,72.86217988706767
O=S(=O)([O-])C(F)(F)C(F)(F)C(F)(F)C(F)(F)C(F)(F)F,6,O=S(=O)([O-])[C](F)F,F[C](F)C(F)(F)C(F)(F)C(F)(F)F,88.13616702236061,114.47016140815322
O=S(=O)([O-])C(F)(F)C(F)(F)C(F)(F)C(F)(F)C(F)(F)F,7,O=S(=O)([O-])C(F)(F)[C](F)C(F)(F)C(F)(F)C(F)(F)F,[F],112.23236753482695,53.56108034111003
O=S(=O)([O-])C(F)(F)C(F)(F)C(F)(F)C(F)(F)C(F)(F)F,9,O=S(=O)([O-])C(F)(F)[C](F)F,F[C](F)C(F)(F)C(F)(F)F,85.43231393846781,84.79289417826749
O=S(=O)([O-])C(F)(F)C(F)(F)C(F)(F)C(F)(F)C(F)(F)F,10,O=S(=O)([O-])C(F)(F)C(F)(F)[C](F)C(F)(F)C(F)(F)F,[F],111.56548982698212,45.825353622163334
O=S(=O)([O-])C(F)(F)C(F)(F)C(F)(F)C(F)(F)C(F)(F)F,12,O=S(=O)([O-])C(F)(F)C(F)(F)[C](F)F,F[C](F)C(F)(F)F,87.76815082190865,128.4892274278667
O=S(=O)([O-])C(F)(F)C(F)(F)C(F)(F)C(F)(F)C(F)(F)F,13,O=S(=O)([O-])C(F)(F)C(F)(F)C(F)(F)[C](F)C(F)(F)F,[F],114.12288345118554,47.36822487103666
O=S(=O)([O-])C(F)(F)C(F)(F)C(F)(F)C(F)(F)C(F)(F)F,15,O=S(=O)([O-])C(F)(F)C(F)(F)C(F)(F)[C](F)F,F[C](F)F,92.15734352058178,78.54093819249329
O=S(=O)([O-])C(F)(F)C(F)(F)C(F)(F)C(F)(F)C(F)(F)F,16,O=S(=O)([O-])C(F)(F)C(F)(F)C(F)(F)C(F)(F)[C](F)F,[F],124.4473976263339,103.1317939888902
O=C([O-])C(F)(F)C(F)(F)C(F)(F)C(F)(F)C(F)(F)C(F)(F)F,1,O=[C]C(F)(F)C(F)(F)C(F)(F)C(F)(F)C(F)(F)C(F)(F)F,[O-],,
O=C([O-])C(F)(F)C(F)(F)C(F)(F)C(F)(F)C(F)(F)C(F)(F)F,2,O=[C][O-],F[C](F)C(F)(F)C(F)(F)C(F)(F)C(F)(F)C(F)(F)F,87.38653738457288,42.31963364267358
O=C([O-])C(F)(F)C(F)(F)C(F)(F)C(F)(F)C(F)(F)C(F)(F)F,3,O=C([O-])[C](F)C(F)(F)C(F)(F)C(F)(F)C(F)(F)C(F)(F)F,[F],112.15569285956576,56.47180037048031
O=C([O-])C(F)(F)C(F)(F)C(F)(F)C(F)(F)C(F)(F)C(F)(F)F,5,O=C([O-])[C](F)F,F[C](F)C(F)(F)C(F)(F)C(F)(F)C(F)(F)F,86.89582436665205,91.56539793963987
O=C([O-])C(F)(F)C(F)(F)C(F)(F)C(F)(F)C(F)(F)C(F)(F)F,6,O=C([O-])C(F)(F)[C](F)C(F)(F)C(F)(F)C(F)(F)C(F)(F)F,[F],113.9669341525348,36.553203133676675
O=C([O-])C(F)(F)C(F)(F)C(F)(F)C(F)(F)C(F)(F)C(F)(F)F,8,O=C([O-])C(F)(F)[C](F)F,F[C](F)C(F)(F)C(F)(F)C(F)(F)F,87.64977713823328,79.16079586590627
O=C([O-])C(F)(F)C(F)(F)C(F)(F)C(F)(F)C(F)(F)C(F)(F)F,9,O=C([O-])C(F)(F)C(F)(F)[C](F)C(F)(F)C(F)(F)C(F)(F)F,[F],111.38642495518468,
O=C([O-])C(F)(F)C(F)(F)C(F)(F)C(F)(F)C(F)(F)C(F)(F)F,11,O=C([O-])C(F)(F)C(F)(F)[C](F)F,F[C](F)C(F)(F)C(F)(F)F,85.58851459372477,55.127883450099944
O=C([O-])C(F)(F)C(F)(F)C(F)(F)C(F)(F)C(F)(F)C(F)(F)F,12,O=C([O-])C(F)(F)C(F)(F)C(F)(F)[C](F)C(F)(F)C(F)(F)F,[F],112.13664812835873,28.205670271178747
O=C([O-])C(F)(F)C(F)(F)C(F)(F)C(F)(F)C(F)(F)C(F)(F)F,14,O=C([O-])C(F)(F)C(F)(F)C(F)(F)[C](F)F,F[C](F)C(F)(F)F,86.53011093486953,57.521546088482864
O=C([O-])C(F)(F)C(F)(F)C(F)(F)C(F)(F)C(F)(F)C(F)(F)F,15,O=C([O-])C(F)(F)C(F)(F)C(F)(F)C(F)(F)[C](F)C(F)(F)F,[F],114.15577320710327,32.903159039861976
O=C([O-])C(F)(F)C(F)(F)C(F)(F)C(F)(F)C(F)(F)C(F)(F)F,17,O=C([O-])C(F)(F)C(F)(F)C(F)(F)C(F)(F)[C](F)F,F[C](F)F,92.2903182449005,132.24408882916293
O=C([O-])C(F)(F)C(F)(F)C(F)(F)C(F)(F)C(F)(F)C(F)(F)F,18,O=C([O-])C(F)(F)C(F)(F)C(F)(F)C(F)(F)C(F)(F)[C](F)F,[F],124.0133242522279,102.49770197593477
O=S(=O)([O-])C(F)(F)C(F)(F)C(F)(F)C(F)(F)C(F)(F)C(F)(F)F,2,O=[S](=O)C(F)(F)C(F)(F)C(F)(F)C(F)(F)C(F)(F)C(F)(F)F,[O-],,
O=S(=O)([O-])C(F)(F)C(F)(F)C(F)(F)C(F)(F)C(F)(F)C(F)(F)F,3,O=[S](=O)[O-],F[C](F)C(F)(F)C(F)(F)C(F)(F)C(F)(F)C(F)(F)F,68.30836557718726,82.42769448535228
O=S(=O)([O-])C(F)(F)C(F)(F)C(F)(F)C(F)(F)C(F)(F)C(F)(F)F,4,O=S(=O)([O-])[C](F)C(F)(F)C(F)(F)C(F)(F)C(F)(F)C(F)(F)F,[F],114.11245326048515,72.5118125003371
O=S(=O)([O-])C(F)(F)C(F)(F)C(F)(F)C(F)(F)C(F)(F)C(F)(F)F,6,O=S(=O)([O-])[C](F)F,F[C](F)C(F)(F)C(F)(F)C(F)(F)C(F)(F)F,87.88649329898931,114.34202817351661
O=S(=O)([O-])C(F)(F)C(F)(F)C(F)(F)C(F)(F)C(F)(F)C(F)(F)F,7,O=S(=O)([O-])C(F)(F)[C](F)C(F)(F)C(F)(F)C(F)(F)C(F)(F)F,[F],111.83058846238964,73.36212931196428
O=S(=O)([O-])C(F)(F)C(F)(F)C(F)(F)C(F)(F)C(F)(F)C(F)(F)F,9,O=S(=O)([O-])C(F)(F)[C](F)F,F[C](F)C(F)(F)C(F)(F)C(F)(F)F,85.5496335106227,84.25994453293924
O=S(=O)([O-])C(F)(F)C(F)(F)C(F)(F)C(F)(F)C(F)(F)C(F)(F)F,10,O=S(=O)([O-])C(F)(F)C(F)(F)[C](F)C(F)(F)C(F)(F)C(F)(F)F,[F],110.86833209570727,45.99690962258592
O=S(=O)([O-])C(F)(F)C(F)(F)C(F)(F)C(F)(F)C(F)(F)C(F)(F)F,12,O=S(=O)([O-])C(F)(F)C(F)(F)[C](F)F,F[C](F)C(F)(F)C(F)(F)F,85.98944104150519,127.6238640996803
O=S(=O)([O-])C(F)(F)C(F)(F)C(F)(F)C(F)(F)C(F)(F)C(F)(F)F,13,O=S(=O)([O-])C(F)(F)C(F)(F)C(F)(F)[C](F)C(F)(F)C(F)(F)F,[F],112.18715092445564,47.19975387967338
O=S(=O)([O-])C(F)(F)C(F)(F)C(F)(F)C(F)(F)C(F)(F)C(F)(F)F,15,O=S(=O)([O-])C(F)(F)C(F)(F)C(F)(F)[C](F)F,F[C](F)C(F)(F)F,86.2062931065418,75.73259255590074
O=S(=O)([O-])C(F)(F)C(F)(F)C(F)(F)C(F)(F)C(F)(F)C(F)(F)F,16,O=S(=O)([O-])C(F)(F)C(F)(F)C(F)(F)C(F)(F)[C](F)C(F)(F)F,[F],114.04001945204072,73.79919486634662
O=S(=O)([O-])C(F)(F)C(F)(F)C(F)(F)C(F)(F)C(F)(F)C(F)(F)F,18,O=S(=O)([O-])C(F)(F)C(F)(F)C(F)(F)C(F)(F)[C](F)F,F[C](F)F,92.2549791180029,133.65785625284389
O=S(=O)([O-])C(F)(F)C(F)(F)C(F)(F)C(F)(F)C(F)(F)C(F)(F)F,19,O=S(=O)([O-])C(F)(F)C(F)(F)C(F)(F)C(F)(F)C(F)(F)[C](F)F,[F],123.54895362002594,102.79759315742012
O=S(=O)([O-])C(F)(F)C(F)(F)C(F)(F)C(F)(F)C(F)(F)C(F)(F)C(F)(F)F,2,O=[S](=O)C(F)(F)C(F)(F)C(F)(F)C(F)(F)C(F)(F)C(F)(F)C(F)(F)F,[O-],,
O=S(=O)([O-])C(F)(F)C(F)(F)C(F)(F)C(F)(F)C(F)(F)C(F)(F)C(F)(F)F,3,O=[S](=O)[O-],F[C](F)C(F)(F)C(F)(F)C(F)(F)C(F)(F)C(F)(F)C(F)(F)F,68.22777727675088,82.85242101707468
O=S(=O)([O-])C(F)(F)C(F)(F)C(F)(F)C(F)(F)C(F)(F)C(F)(F)C(F)(F)F,4,O=S(=O)([O-])[C](F)C(F)(F)C(F)(F)C(F)(F)C(F)(F)C(F)(F)C(F)(F)F,[F],114.22597981245985,72.90594114985424
O=S(=O)([O-])C(F)(F)C(F)(F)C(F)(F)C(F)(F)C(F)(F)C(F)(F)C(F)(F)F,6,O=S(=O)([O-])[C](F)F,F[C](F)C(F)(F)C(F)(F)C(F)(F)C(F)(F)C(F)(F)F,87.9266204789019,114.23714885448135
O=S(=O)([O-])C(F)(F)C(F)(F)C(F)(F)C(F)(F)C(F)(F)C(F)(F)C(F)(F)F,7,O=S(=O)([O-])C(F)(F)[C](F)C(F)(F)C(F)(F)C(F)(F)C(F)(F)C(F)(F)F,[F],112.18833241998254,53.352810462006346
O=S(=O)([O-])C(F)(F)C(F)(F)C(F)(F)C(F)(F)C(F)(F)C(F)(F)C(F)(F)F,9,O=S(=O)([O-])C(F)(F)[C](F)F,F[C](F)C(F)(F)C(F)(F)C(F)(F)C(F)(F)F,85.72302129757759,84.55487280848615
O=S(=O)([O-])C(F)(F)C(F)(F)C(F)(F)C(F)(F)C(F)(F)C(F)(F)C(F)(F)F,10,O=S(=O)([O-])C(F)(F)C(F)(F)[C](F)C(F)(F)C(F)(F)C(F)(F)C(F)(F)F,[F],111.67637186438924,45.36061243173094
O=S(=O)([O-])C(F)(F)C(F)(F)C(F)(F)C(F)(F)C(F)(F)C(F)(F)C(F)(F)F,12,O=S(=O)([O-])C(F)(F)C(F)(F)[C](F)F,F[C](F)C(F)(F)C(F)(F)C(F)(F)F,86.52982212384359,127.51397596453558
O=S(=O)([O-])C(F)(F)C(F)(F)C(F)(F)C(F)(F)C(F)(F)C(F)(F)C(F)(F)F,13,O=S(=O)([O-])C(F)(F)C(F)(F)C(F)(F)[C](F)C(F)(F)C(F)(F)C(F)(F)F,[F],111.87182595542708,72.477521288356
O=S(=O)([O-])C(F)(F)C(F)(F)C(F)(F)C(F)(F)C(F)(F)C(F)(F)C(F)(F)F,15,O=S(=O)([O-])C(F)(F)C(F)(F)C(F)(F)[C](F)F,F[C](F)C(F)(F)C(F)(F)F,84.85064483632186,75.2902907383259
O=S(=O)([O-])C(F)(F)C(F)(F)C(F)(F)C(F)(F)C(F)(F)C(F)(F)C(F)(F)F,16,O=S(=O)([O-])C(F)(F)C(F)(F)C(F)(F)C(F)(F)[C](F)C(F)(F)C(F)(F)F,[F],111.6899758905572,52.86327670757373
O=S(=O)([O-])C(F)(F)C(F)(F)C(F)(F)C(F)(F)C(F)(F)C(F)(F)C(F)(F)F,18,O=S(=O)([O-])C(F)(F)C(F)(F)C(F)(F)C(F)(F)[C](F)F,F[C](F)C(F)(F)F,86.72699021400376,131.27257212643485
O=S(=O)([O-])C(F)(F)C(F)(F)C(F)(F)C(F)(F)C(F)(F)C(F)(F)C(F)(F)F,19,O=S(=O)([O-])C(F)(F)C(F)(F)C(F)(F)C(F)(F)C(F)(F)[C](F)C(F)(F)F,[F],114.14561760253378,47.432238268842184
O=S(=O)([O-])C(F)(F)C(F)(F)C(F)(F)C(F)(F)C(F)(F)C(F)(F)C(F)(F)F,21,O=S(=O)([O-])C(F)(F)C(F)(F)C(F)(F)C(F)(F)C(F)(F)[C](F)F,F[C](F)F,91.77959662216381,133.74671693127198
O=S(=O)([O-])C(F)(F)C(F)(F)C(F)(F)C(F)(F)C(F)(F)C(F)(F)C(F)(F)F,22,O=S(=O)([O-])C(F)(F)C(F)(F)C(F)(F)C(F)(F)C(F)(F)C(F)(F)[C](F)F,[F],124.16732706617836,102.97583260863803
O=C([O-])C(F)(F)C(F)(F)C(F)(F)C(F)(F)C(F)(F)C(F)(F)C(F)(F)F,1,O=[C]C(F)(F)C(F)(F)C(F)(F)C(F)(F)C(F)(F)C(F)(F)C(F)(F)F,[O-],,
O=C([O-])C(F)(F)C(F)(F)C(F)(F)C(F)(F)C(F)(F)C(F)(F)C(F)(F)F,2,O=[C][O-],F[C](F)C(F)(F)C(F)(F)C(F)(F)C(F)(F)C(F)(F)C(F)(F)F,87.30924502499022,42.74765611496434
O=C([O-])C(F)(F)C(F)(F)C(F)(F)C(F)(F)C(F)(F)C(F)(F)C(F)(F)F,3,O=C([O-])[C](F)C(F)(F)C(F)(F)C(F)(F)C(F)(F)C(F)(F)C(F)(F)F,[F],112.16550118065811,56.54732646936111
O=C([O-])C(F)(F)C(F)(F)C(F)(F)C(F)(F)C(F)(F)C(F)(F)C(F)(F)F,5,O=C([O-])[C](F)F,F[C](F)C(F)(F)C(F)(F)C(F)(F)C(F)(F)C(F)(F)F,86.93924748727568,91.46381456131564
O=C([O-])C(F)(F)C(F)(F)C(F)(F)C(F)(F)C(F)(F)C(F)(F)C(F)(F)F,6,O=C([O-])C(F)(F)[C](F)C(F)(F)C(F)(F)C(F)(F)C(F)(F)C(F)(F)F,[F],114.68222039908653,36.652133573070955
O=C([O-])C(F)(F)C(F)(F)C(F)(F)C(F)(F)C(F)(F)C(F)(F)C(F)(F)F,8,O=C([O-])C(F)(F)[C](F)F,F[C](F)C(F)(F)C(F)(F)C(F)(F)C(F)(F)F,87.82646086561385,79.45902008244957
O=C([O-])C(F)(F)C(F)(F)C(F)(F)C(F)(F)C(F)(F)C(F)(F)C(F)(F)F,9,O=C([O-])C(F)(F)C(F)(F)[C](F)C(F)(F)C(F)(F)C(F)(F)C(F)(F)F,[F],111.84523196042107,24.49680521737605
O=C([O-])C(F)(F)C(F)(F)C(F)(F)C(F)(F)C(F)(F)C(F)(F)C(F)(F)F,11,O=C([O-])C(F)(F)C(F)(F)[C](F)F,F[C](F)C(F)(F)C(F)(F)C(F)(F)F,86.13219161691688,55.0212912553809
O=C([O-])C(F)(F)C(F)(F)C(F)(F)C(F)(F)C(F)(F)C(F)(F)C(F)(F)F,12,O=C([O-])C(F)(F)C(F)(F)C(F)(F)[C](F)C(F)(F)C(F)(F)C(F)(F)F,[F],111.61120447917881,28.87360232481967
O=C([O-])C(F)(F)C(F)(F)C(F)(F)C(F)(F)C(F)(F)C(F)(F)C(F)(F)F,14,O=C([O-])C(F)(F)C(F)(F)C(F)(F)[C](F)F,F[C](F)C(F)(F)C(F)(F)F,85.17775860536062,57.08254021133371
O=C([O-])C(F)(F)C(F)(F)C(F)(F)C(F)(F)C(F)(F)C(F)(F)C(F)(F)F,15,O=C([O-])C(F)(F)C(F)(F)C(F)(F)C(F)(F)[C](F)C(F)(F)C(F)(F)F,[F],112.16386678929894,106.51660326211868
O=C([O-])C(F)(F)C(F)(F)C(F)(F)C(F)(F)C(F)(F)C(F)(F)C(F)(F)F,17,O=C([O-])C(F)(F)C(F)(F)C(F)(F)C(F)(F)[C](F)F,F[C](F)C(F)(F)F,86.76562528175509,129.86210064360762
O=C([O-])C(F)(F)C(F)(F)C(F)(F)C(F)(F)C(F)(F)C(F)(F)C(F)(F)F,18,O=C([O-])C(F)(F)C(F)(F)C(F)(F)C(F)(F)C(F)(F)[C](F)C(F)(F)F,[F],114.47769138873014,111.08071287531061
O=C([O-])C(F)(F)C(F)(F)C(F)(F)C(F)(F)C(F)(F)C(F)(F)C(F)(F)F,20,O=C([O-])C(F)(F)C(F)(F)C(F)(F)C(F)(F)C(F)(F)[C](F)F,F[C](F)F,92.24726319479146,133.45012169064034
O=C([O-])C(F)(F)C(F)(F)C(F)(F)C(F)(F)C(F)(F)C(F)(F)C(F)(F)F,21,O=C([O-])C(F)(F)C(F)(F)C(F)(F)C(F)(F)C(F)(F)C(F)(F)[C](F)F,[F],124.16214072480557,103.39128901125207
O=C([O-])C(F)(F)C(F)(F)C(F)(F)C(F)(F)C(F)(F)C(F)(F)C(F)(F)C(F)(F)F,1,O=[C]C(F)(F)C(F)(F)C(F)(F)C(F)(F)C(F)(F)C(F)(F)C(F)(F)C(F)(F)F,[O-],,
O=C([O-])C(F)(F)C(F)(F)C(F)(F)C(F)(F)C(F)(F)C(F)(F)C(F)(F)C(F)(F)F,2,O=[C][O-],F[C](F)C(F)(F)C(F)(F)C(F)(F)C(F)(F)C(F)(F)C(F)(F)C(F)(F)F,87.06826583226302,42.21575793321449
O=C([O-])C(F)(F)C(F)(F)C(F)(F)C(F)(F)C(F)(F)C(F)(F)C(F)(F)C(F)(F)F,3,O=C([O-])[C](F)C(F)(F)C(F)(F)C(F)(F)C(F)(F)C(F)(F)C(F)(F)C(F)(F)F,[F],112.12539591050813,56.35336869389107
O=C([O-])C(F)(F)C(F)(F)C(F)(F)C(F)(F)C(F)(F)C(F)(F)C(F)(F)C(F)(F)F,5,O=C([O-])[C](F)F,F[C](F)C(F)(F)C(F)(F)C(F)(F)C(F)(F)C(F)(F)C(F)(F)F,86.31007491343098,91.33995681920169
O=C([O-])C(F)(F)C(F)(F)C(F)(F)C(F)(F)C(F)(F)C(F)(F)C(F)(F)C(F)(F)F,6,O=C([O-])C(F)(F)[C](F)C(F)(F)C(F)(F)C(F)(F)C(F)(F)C(F)(F)C(F)(F)F,[F],113.89004286522322,33.18658899603065
O=C([O-])C(F)(F)C(F)(F)C(F)(F)C(F)(F)C(F)(F)C(F)(F)C(F)(F)C(F)(F)F,8,O=C([O-])C(F)(F)[C](F)F,F[C](F)C(F)(F)C(F)(F)C(F)(F)C(F)(F)C(F)(F)F,87.31800377211812,78.80555648972063
O=C([O-])C(F)(F)C(F)(F)C(F)(F)C(F)(F)C(F)(F)C(F)(F)C(F)(F)C(F)(F)F,9,O=C([O-])C(F)(F)C(F)(F)[C](F)C(F)(F)C(F)(F)C(F)(F)C(F)(F)C(F)(F)F,[F],111.1110256309803,24.324465795198194
O=C([O-])C(F)(F)C(F)(F)C(F)(F)C(F)(F)C(F)(F)C(F)(F)C(F)(F)C(F)(F)F,11,O=C([O-])C(F)(F)C(F)(F)[C](F)F,F[C](F)C(F)(F)C(F)(F)C(F)(F)C(F)(F)F,85.75699513003542,54.76763525751949
O=C([O-])C(F)(F)C(F)(F)C(F)(F)C(F)(F)C(F)(F)C(F)(F)C(F)(F)C(F)(F)F,12,O=C([O-])C(F)(F)C(F)(F)C(F)(F)[C](F)C(F)(F)C(F)(F)C(F)(F)C(F)(F)F,[F],111.40055334023259,29.34980183228504
O=C([O-])C(F)(F)C(F)(F)C(F)(F)C(F)(F)C(F)(F)C(F)(F)C(F)(F)C(F)(F)F,14,O=C([O-])C(F)(F)C(F)(F)C(F)(F)[C](F)F,F[C](F)C(F)(F)C(F)(F)C(F)(F)F,85.1695554142907,56.4240678024953
O=C([O-])C(F)(F)C(F)(F)C(F)(F)C(F)(F)C(F)(F)C(F)(F)C(F)(F)C(F)(F)F,15,O=C([O-])C(F)(F)C(F)(F)C(F)(F)C(F)(F)[C](F)C(F)(F)C(F)(F)C(F)(F)F,[F],111.36093238909325,35.97464246601021
O=C([O-])C(F)(F)C(F)(F)C(F)(F)C(F)(F)C(F)(F)C(F)(F)C(F)(F)C(F)(F)F,17,O=C([O-])C(F)(F)C(F)(F)C(F)(F)C(F)(F)[C](F)F,F[C](F)C(F)(F)C(F)(F)F,84.86139273784147,128.87121455205374
O=C([O-])C(F)(F)C(F)(F)C(F)(F)C(F)(F)C(F)(F)C(F)(F)C(F)(F)C(F)(F)F,18,O=C([O-])C(F)(F)C(F)(F)C(F)(F)C(F)(F)C(F)(F)[C](F)C(F)(F)C(F)(F)F,[F],112.38923046281684,37.00989632593064
O=C([O-])C(F)(F)C(F)(F)C(F)(F)C(F)(F)C(F)(F)C(F)(F)C(F)(F)C(F)(F)F,20,O=C([O-])C(F)(F)C(F)(F)C(F)(F)C(F)(F)C(F)(F)[C](F)F,F[C](F)C(F)(F)F,86.170690017384,130.516253290823
O=C([O-])C(F)(F)C(F)(F)C(F)(F)C(F)(F)C(F)(F)C(F)(F)C(F)(F)C(F)(F)F,21,O=C([O-])C(F)(F)C(F)(F)C(F)(F)C(F)(F)C(F)(F)C(F)(F)[C](F)C(F)(F)F,[F],113.60727258549446,112.25504632850516
O=C([O-])C(F)(F)C(F)(F)C(F)(F)C(F)(F)C(F)(F)C(F)(F)C(F)(F)C(F)(F)F,23,O=C([O-])C(F)(F)C(F)(F)C(F)(F)C(F)(F)C(F)(F)C(F)(F)[C](F)F,F[C](F)F,91.8441994529644,133.79182851155292
O=C([O-])C(F)(F)C(F)(F)C(F)(F)C(F)(F)C(F)(F)C(F)(F)C(F)(F)C(F)(F)F,24,O=C([O-])C(F)(F)C(F)(F)C(F)(F)C(F)(F)C(F)(F)C(F)(F)C(F)(F)[C](F)F,[F],124.1047005969233,103.12412072894972
O=S(=O)([O-])C(F)(F)C(F)(F)C(F)(F)C(F)(F)C(F)(F)C(F)(F)C(F)(F)C(F)(F)F,2,O=[S](=O)C(F)(F)C(F)(F)C(F)(F)C(F)(F)C(F)(F)C(F)(F)C(F)(F)C(F)(F)F,[O-],,
O=S(=O)([O-])C(F)(F)C(F)(F)C(F)(F)C(F)(F)C(F)(F)C(F)(F)C(F)(F)C(F)(F)F,3,O=[S](=O)[O-],F[C](F)C(F)(F)C(F)(F)C(F)(F)C(F)(F)C(F)(F)C(F)(F)C(F)(F)F,68.84376199035387,83.17748674194036
O=S(=O)([O-])C(F)(F)C(F)(F)C(F)(F)C(F)(F)C(F)(F)C(F)(F)C(F)(F)C(F)(F)F,4,O=S(=O)([O-])[C](F)C(F)(F)C(F)(F)C(F)(F)C(F)(F)C(F)(F)C(F)(F)C(F)(F)F,[F],115.17063573306018,73.51287137705185
O=S(=O)([O-])C(F)(F)C(F)(F)C(F)(F)C(F)(F)C(F)(F)C(F)(F)C(F)(F)C(F)(F)F,6,O=S(=O)([O-])[C](F)F,F[C](F)C(F)(F)C(F)(F)C(F)(F)C(F)(F)C(F)(F)C(F)(F)F,88.15441181153005,114.97025501898293
O=S(=O)([O-])C(F)(F)C(F)(F)C(F)(F)C(F)(F)C(F)(F)C(F)(F)C(F)(F)C(F)(F)F,7,O=S(=O)([O-])C(F)(F)[C](F)C(F)(F)C(F)(F)C(F)(F)C(F)(F)C(F)(F)C(F)(F)F,[F],112.3818224918898,55.32747616035067
O=S(=O)([O-])C(F)(F)C(F)(F)C(F)(F)C(F)(F)C(F)(F)C(F)(F)C(F)(F)C(F)(F)F,9,O=S(=O)([O-])C(F)(F)[C](F)F,F[C](F)C(F)(F)C(F)(F)C(F)(F)C(F)(F)C(F)(F)F,86.07152811026936,84.75837312223007
O=S(=O)([O-])C(F)(F)C(F)(F)C(F)(F)C(F)(F)C(F)(F)C(F)(F)C(F)(F)C(F)(F)F,10,O=S(=O)([O-])C(F)(F)C(F)(F)[C](F)C(F)(F)C(F)(F)C(F)(F)C(F)(F)C(F)(F)F,[F],113.46004873330685,114.54589395063863
O=S(=O)([O-])C(F)(F)C(F)(F)C(F)(F)C(F)(F)C(F)(F)C(F)(F)C(F)(F)C(F)(F)F,12,O=S(=O)([O-])C(F)(F)C(F)(F)[C](F)F,F[C](F)C(F)(F)C(F)(F)C(F)(F)C(F)(F)F,87.01158954357766,128.11728387286166
O=S(=O)([O-])C(F)(F)C(F)(F)C(F)(F)C(F)(F)C(F)(F)C(F)(F)C(F)(F)C(F)(F)F,13,O=S(=O)([O-])C(F)(F)C(F)(F)C(F)(F)[C](F)C(F)(F)C(F)(F)C(F)(F)C(F)(F)F,[F],113.45327574885346,117.41079834974812
O=S(=O)([O-])C(F)(F)C(F)(F)C(F)(F)C(F)(F)C(F)(F)C(F)(F)C(F)(F)C(F)(F)F,15,O=S(=O)([O-])C(F)(F)C(F)(F)C(F)(F)[C](F)F,F[C](F)C(F)(F)C(F)(F)C(F)(F)F,85.6994055517248,75.48878223567499
O=S(=O)([O-])C(F)(F)C(F)(F)C(F)(F)C(F)(F)C(F)(F)C(F)(F)C(F)(F)C(F)(F)F,16,O=S(=O)([O-])C(F)(F)C(F)(F)C(F)(F)C(F)(F)[C](F)C(F)(F)C(F)(F)C(F)(F)F,[F],112.68133713355496,117.25549153239285
O=S(=O)([O-])C(F)(F)C(F)(F)C(F)(F)C(F)(F)C(F)(F)C(F)(F)C(F)(F)C(F)(F)F,18,O=S(=O)([O-])C(F)(F)C(F)(F)C(F)(F)C(F)(F)[C](F)F,F[C](F)C(F)(F)C(F)(F)F,85.679721576563,131.13864994135383
O=S(=O)([O-])C(F)(F)C(F)(F)C(F)(F)C(F)(F)C(F)(F)C(F)(F)C(F)(F)C(F)(F)F,19,O=S(=O)([O-])C(F)(F)C(F)(F)C(F)(F)C(F)(F)C(F)(F)[C](F)C(F)(F)C(F)(F)F,[F],114.90264273714274,119.19714569116991
O=S(=O)([O-])C(F)(F)C(F)(F)C(F)(F)C(F)(F)C(F)(F)C(F)(F)C(F)(F)C(F)(F)F,21,O=S(=O)([O-])C(F)(F)C(F)(F)C(F)(F)C(F)(F)C(F)(F)[C](F)F,F[C](F)C(F)(F)F,86.55998735094386,131.66981243764212
O=S(=O)([O-])C(F)(F)C(F)(F)C(F)(F)C(F)(F)C(F)(F)C(F)(F)C(F)(F)C(F)(F)F,22,O=S(=O)([O-])C(F)(F)C(F)(F)C(F)(F)C(F)(F)C(F)(F)C(F)(F)[C](F)C(F)(F)F,[F],115.9634197147193,117.74458104149858
O=S(=O)([O-])C(F)(F)C(F)(F)C(F)(F)C(F)(F)C(F)(F)C(F)(F)C(F)(F)C(F)(F)F,24,O=S(=O)([O-])C(F)(F)C(F)(F)C(F)(F)C(F)(F)C(F)(F)C(F)(F)[C](F)F,F[C](F)F,92.7063497010954,134.23333601526906
O=S(=O)([O-])C(F)(F)C(F)(F)C(F)(F)C(F)(F)C(F)(F)C(F)(F)C(F)(F)C(F)(F)F,25,O=S(=O)([O-])C(F)(F)C(F)(F)C(F)(F)C(F)(F)C(F)(F)C(F)(F)C(F)(F)[C](F)F,[F],124.37456575025294,104.64649866919672
[H]C([H])(C(=O)[O-])C(F)(F)C(F)(F)C(F)(F)C(F)(F)F,0,[H][C]([H])C(F)(F)C(F)(F)C(F)(F)C(F)(F)F,O=[C][O-],85.38425091061924,27.79847850276326
[H]C([H])(C(=O)[O-])C(F)(F)C(F)(F)C(F)(F)C(F)(F)F,2,[H]C([H])([C]=O)C(F)(F)C(F)(F)C(F)(F)C(F)(F)F,[O-],,
[H]C([H])(C(=O)[O-])C(F)(F)C(F)(F)C(F)(F)C(F)(F)F,3,[H][C]([H])C(=O)[O-],F[C](F)C(F)(F)C(F)(F)C(F)(F)F,95.88509919504759,95.22339948268552
[H]C([H])(C(=O)[O-])C(F)(F)C(F)(F)C(F)(F)C(F)(F)F,4,[H]C([H])([C](F)C(F)(F)C(F)(F)C(F)(F)F)C(=O)[O-],[F],114.63892037502603,25.177180454579116
[H]C([H])(C(=O)[O-])C(F)(F)C(F)(F)C(F)(F)C(F)(F)F,6,[H]C([H])([C](F)F)C(=O)[O-],F[C](F)C(F)(F)C(F)(F)F,90.0162480987467,67.36197499983518
[H]C([H])(C(=O)[O-])C(F)(F)C(F)(F)C(F)(F)C(F)(F)F,7,[H]C([H])(C(=O)[O-])C(F)(F)[C](F)C(F)(F)C(F)(F)F,[F],115.89328526453642,33.702085150570156
[H]C([H])(C(=O)[O-])C(F)(F)C(F)(F)C(F)(F)C(F)(F)F,9,[H]C([H])(C(=O)[O-])C(F)(F)[C](F)F,F[C](F)C(F)(F)F,89.18639241780625,121.07842408096644
[H]C([H])(C(=O)[O-])C(F)(F)C(F)(F)C(F)(F)C(F)(F)F,10,[H]C([H])(C(=O)[O-])C(F)(F)C(F)(F)[C](F)C(F)(F)F,[F],114.31601980959215,112.1253639732646
[H]C([H])(C(=O)[O-])C(F)(F)C(F)(F)C(F)(F)C(F)(F)F,12,[H]C([H])(C(=O)[O-])C(F)(F)C(F)(F)[C](F)F,F[C](F)F,92.79502781647864,129.72531568242005
[H]C([H])(C(=O)[O-])C(F)(F)C(F)(F)C(F)(F)C(F)(F)F,13,[H]C([H])(C(=O)[O-])C(F)(F)C(F)(F)C(F)(F)[C](F)F,[F],124.59255288358406,102.68549955431354
[H]C([H])(C(=O)[O-])C(F)(F)C(F)(F)C(F)(F)C(F)(F)F,16,[H][C](C(=O)[O-])C(F)(F)C(F)(F)C(F)(F)C(F)(F)F,[H],100.40470552898569,108.60482240547924
[H]C([H])(C(F)(F)C(F)(F)C(F)(F)C(F)(F)F)S(=O)(=O)[O-],0,[H][C]([H])S(=O)(=O)[O-],F[C](F)C(F)(F)C(F)(F)C(F)(F)F,97.42478895611612,112.53351857731388
[H]C([H])(C(F)(F)C(F)(F)C(F)(F)C(F)(F)F)S(=O)(=O)[O-],1,[H]C([H])([C](F)C(F)(F)C(F)(F)C(F)(F)F)S(=O)(=O)[O-],[F],112.70586361012136,71.50784249928051
[H]C([H])(C(F)(F)C(F)(F)C(F)(F)C(F)(F)F)S(=O)(=O)[O-],3,[H]C([H])([C](F)F)S(=O)(=O)[O-],F[C](F)C(F)(F)C(F)(F)F,87.94057880540095,102.88032664165485
[H]C([H])(C(F)(F)C(F)(F)C(F)(F)C(F)(F)F)S(=O)(=O)[O-],4,[H]C([H])(C(F)(F)[C](F)C(F)(F)C(F)(F)F)S(=O)(=O)[O-],[F],113.49259456593302,34.437306113952104
[H]C([H])(C(F)(F)C(F)(F)C(F)(F)C(F)(F)F)S(=O)(=O)[O-],6,[H]C([H])(C(F)(F)[C](F)F)S(=O)(=O)[O-],F[C](F)C(F)(F)F,87.60536278497625,66.51496673799727
[H]C([H])(C(F)(F)C(F)(F)C(F)(F)C(F)(F)F)S(=O)(=O)[O-],7,[H]C([H])(C(F)(F)C(F)(F)[C](F)C(F)(F)F)S(=O)(=O)[O-],[F],114.05747616647318,36.280001154548245
[H]C([H])(C(F)(F)C(F)(F)C(F)(F)C(F)(F)F)S(=O)(=O)[O-],9,[H]C([H])(C(F)(F)C(F)(F)[C](F)F)S(=O)(=O)[O-],F[C](F)F,92.62242673085211,66.8847284681857
[H]C([H])(C(F)(F)C(F)(F)C(F)(F)C(F)(F)F)S(=O)(=O)[O-],10,[H]C([H])(C(F)(F)C(F)(F)C(F)(F)[C](F)F)S(=O)(=O)[O-],[F],123.91828073116073,39.99991752859387
[H]C([H])(C(F)(F)C(F)(F)C(F)(F)C(F)(F)F)S(=O)(=O)[O-],13,[H][C]([H])C(F)(F)C(F)(F)C(F)(F)C(F)(F)F,O=[S](=O)[O-],72.80312076010432,74.403581002598
[H]C([H])(C(F)(F)C(F)(F)C(F)(F)C(F)(F)F)S(=O)(=O)[O-],16,[H]C([H])([S](=O)=O)C(F)(F)C(F)(F)C(F)(F)C(F)(F)F,[O-],,
[H]C([H])(C(F)(F)C(F)(F)C(F)(F)C(F)(F)F)S(=O)(=O)[O-],17,[H][C](C(F)(F)C(F)(F)C(F)(F)C(F)(F)F)S(=O)(=O)[O-],[H],103.61963394412214,130.439969614838
[H]C([H])(C(F)(F)C(F)(F)C(F)(F)C(F)(F)F)C([H])([H])S(=O)(=O)[O-],0,[H][C]([H])C([H])([H])S(=O)(=O)[O-],F[C](F)C(F)(F)C(F)(F)C(F)(F)F,99.2302989625415,109.90695224793853
[H]C([H])(C(F)(F)C(F)(F)C(F)(F)C(F)(F)F)C([H])([H])S(=O)(=O)[O-],1,[H]C([H])([C](F)C(F)(F)C(F)(F)C(F)(F)F)C([H])([H])S(=O)(=O)[O-],[F],117.1963025184408,31.510050437382233
[H]C([H])(C(F)(F)C(F)(F)C(F)(F)C(F)(F)F)C([H])([H])S(=O)(=O)[O-],3,[H]C([H])([C](F)F)C([H])([H])S(=O)(=O)[O-],F[C](F)C(F)(F)C(F)(F)F,90.6425809092832,105.02231392488738
[H]C([H])(C(F)(F)C(F)(F)C(F)(F)C(F)(F)F)C([H])([H])S(=O)(=O)[O-],4,[H]C([H])(C(F)(F)[C](F)C(F)(F)C(F)(F)F)C([H])([H])S(=O)(=O)[O-],[F],114.83182885632118,36.23824626013118
[H]C([H])(C(F)(F)C(F)(F)C(F)(F)C(F)(F)F)C([H])([H])S(=O)(=O)[O-],6,[H]C([H])(C(F)(F)[C](F)F)C([H])([H])S(=O)(=O)[O-],F[C](F)C(F)(F)F,88.932316479071,122.21667249186225
[H]C([H])(C(F)(F)C(F)(F)C(F)(F)C(F)(F)F)C([H])([H])S(=O)(=O)[O-],7,[H]C([H])(C(F)(F)C(F)(F)[C](F)C(F)(F)F)C([H])([H])S(=O)(=O)[O-],[F],114.22992915553323,33.75172803706619
[H]C([H])(C(F)(F)C(F)(F)C(F)(F)C(F)(F)F)C([H])([H])S(=O)(=O)[O-],9,[H]C([H])(C(F)(F)C(F)(F)[C](F)F)C([H])([H])S(=O)(=O)[O-],F[C](F)F,92.46664247579702,129.60730478478922
[H]C([H])(C(F)(F)C(F)(F)C(F)(F)C(F)(F)F)C([H])([H])S(=O)(=O)[O-],10,[H]C([H])(C(F)(F)C(F)(F)C(F)(F)[C](F)F)C([H])([H])S(=O)(=O)[O-],[F],124.08401746627533,41.082881811177
[H]C([H])(C(F)(F)C(F)(F)C(F)(F)C(F)(F)F)C([H])([H])S(=O)(=O)[O-],13,[H][C]([H])C(F)(F)C(F)(F)C(F)(F)C(F)(F)F,[H][C]([H])S(=O)(=O)[O-],96.56859216470366,99.13498710987426
[H]C([H])(C(F)(F)C(F)(F)C(F)(F)C(F)(F)F)C([H])([H])S(=O)(=O)[O-],14,[H][C]([H])C([H])([H])C(F)(F)C(F)(F)C(F)(F)C(F)(F)F,O=[S](=O)[O-],75.07818780587854,119.09983645963905
[H]C([H])(C(F)(F)C(F)(F)C(F)(F)C(F)(F)F)C([H])([H])S(=O)(=O)[O-],17,[H]C([H])([S](=O)=O)C([H])([H])C(F)(F)C(F)(F)C(F)(F)C(F)(F)F,[O-],,
[H]C([H])(C(F)(F)C(F)(F)C(F)(F)C(F)(F)F)C([H])([H])S(=O)(=O)[O-],18,[H][C](C(F)(F)C(F)(F)C(F)(F)C(F)(F)F)C([H])([H])S(=O)(=O)[O-],[H],100.61344605593433,127.02912166610304
[H]C([H])(C(F)(F)C(F)(F)C(F)(F)C(F)(F)F)C([H])([H])S(=O)(=O)[O-],20,[H][C](C([H])([H])C(F)(F)C(F)(F)C(F)(F)C(F)(F)F)S(=O)(=O)[O-],[H],102.04964763006728,121.30611755972836
[H]C([H])(C(=O)[O-])C([H])([H])C(F)(F)C(F)(F)C(F)(F)C(F)(F)F,0,[H][C]([H])C([H])([H])C(F)(F)C(F)(F)C(F)(F)C(F)(F)F,O=[C][O-],84.02170810143559,68.85712410484643
[H]C([H])(C(=O)[O-])C([H])([H])C(F)(F)C(F)(F)C(F)(F)C(F)(F)F,2,[H]C([H])([C]=O)C([H])([H])C(F)(F)C(F)(F)C(F)(F)C(F)(F)F,[O-],,
[H]C([H])(C(=O)[O-])C([H])([H])C(F)(F)C(F)(F)C(F)(F)C(F)(F)F,3,[H][C]([H])C(=O)[O-],[H][C]([H])C(F)(F)C(F)(F)C(F)(F)C(F)(F)F,91.39129254881993,78.18725816028802
[H]C([H])(C(=O)[O-])C([H])([H])C(F)(F)C(F)(F)C(F)(F)C(F)(F)F,4,[H][C]([H])C([H])([H])C(=O)[O-],F[C](F)C(F)(F)C(F)(F)C(F)(F)F,100.96322613669827,73.56928342910919
[H]C([H])(C(=O)[O-])C([H])([H])C(F)(F)C(F)(F)C(F)(F)C(F)(F)F,5,[H]C([H])([C](F)C(F)(F)C(F)(F)C(F)(F)F)C([H])([H])C(=O)[O-],[F],115.81660376803143,7.724517885741875
[H]C([H])(C(=O)[O-])C([H])([H])C(F)(F)C(F)(F)C(F)(F)C(F)(F)F,7,[H]C([H])([C](F)F)C([H])([H])C(=O)[O-],F[C](F)C(F)(F)C(F)(F)F,90.49336326013758,40.371371134269225
[H]C([H])(C(=O)[O-])C([H])([H])C(F)(F)C(F)(F)C(F)(F)C(F)(F)F,8,[H]C([H])(C(=O)[O-])C([H])([H])C(F)(F)[C](F)C(F)(F)C(F)(F)F,[F],114.81598080359447,11.639225062089622
[H]C([H])(C(=O)[O-])C([H])([H])C(F)(F)C(F)(F)C(F)(F)C(F)(F)F,10,[H]C([H])(C(=O)[O-])C([H])([H])C(F)(F)[C](F)F,F[C](F)C(F)(F)F,88.4560685728627,41.0330088286571
[H]C([H])(C(=O)[O-])C([H])([H])C(F)(F)C(F)(F)C(F)(F)C(F)(F)F,11,[H]C([H])(C(=O)[O-])C([H])([H])C(F)(F)C(F)(F)[C](F)C(F)(F)F,[F],114.19492102154038,12.987949466948407
[H]C([H])(C(=O)[O-])C([H])([H])C(F)(F)C(F)(F)C(F)(F)C(F)(F)F,13,[H]C([H])(C(=O)[O-])C([H])([H])C(F)(F)C(F)(F)[C](F)F,F[C](F)F,92.87781980055854,35.450803029011695
[H]C([H])(C(=O)[O-])C([H])([H])C(F)(F)C(F)(F)C(F)(F)C(F)(F)F,14,[H]C([H])(C(=O)[O-])C([H])([H])C(F)(F)C(F)(F)C(F)(F)[C](F)F,[F],123.81975173399894,20.55230628719187
[H]C([H])(C(=O)[O-])C([H])([H])C(F)(F)C(F)(F)C(F)(F)C(F)(F)F,17,[H][C](C(=O)[O-])C([H])([H])C(F)(F)C(F)(F)C(F)(F)C(F)(F)F,[H],95.68495830257064,99.91514917751545
[H]C([H])(C(=O)[O-])C([H])([H])C(F)(F)C(F)(F)C(F)(F)C(F)(F)F,19,[H][C](C([H])([H])C(=O)[O-])C(F)(F)C(F)(F)C(F)(F)C(F)(F)F,[H],100.053173464064,77.48924374219996
[H]C([H])(C(=O)[O-])C(F)(F)C(F)(F)C(F)(F)C(F)(F)C(F)(F)C(F)(F)F,0,[H][C]([H])C(F)(F)C(F)(F)C(F)(F)C(F)(F)C(F)(F)C(F)(F)F,O=[C][O-],84.71937552853433,48.91213038563308
[H]C([H])(C(=O)[O-])C(F)(F)C(F)(F)C(F)(F)C(F)(F)C(F)(F)C(F)(F)F,2,[H]C([H])([C]=O)C(F)(F)C(F)(F)C(F)(F)C(F)(F)C(F)(F)C(F)(F)F,[O-],,
[H]C([H])(C(=O)[O-])C(F)(F)C(F)(F)C(F)(F)C(F)(F)C(F)(F)C(F)(F)F,3,[H][C]([H])C(=O)[O-],F[C](F)C(F)(F)C(F)(F)C(F)(F)C(F)(F)C(F)(F)F,95.94917655565723,95.26401083308201
[H]C([H])(C(=O)[O-])C(F)(F)C(F)(F)C(F)(F)C(F)(F)C(F)(F)C(F)(F)F,4,[H]C([H])([C](F)C(F)(F)C(F)(F)C(F)(F)C(F)(F)C(F)(F)F)C(=O)[O-],[F],114.97169966793422,24.808905631267635
[H]C([H])(C(=O)[O-])C(F)(F)C(F)(F)C(F)(F)C(F)(F)C(F)(F)C(F)(F)F,6,[H]C([H])([C](F)F)C(=O)[O-],F[C](F)C(F)(F)C(F)(F)C(F)(F)C(F)(F)F,90.58057936178216,67.39757753397953
[H]C([H])(C(=O)[O-])C(F)(F)C(F)(F)C(F)(F)C(F)(F)C(F)(F)C(F)(F)F,7,[H]C([H])(C(=O)[O-])C(F)(F)[C](F)C(F)(F)C(F)(F)C(F)(F)C(F)(F)F,[F],113.1003734463053,11.573102078249917
[H]C([H])(C(=O)[O-])C(F)(F)C(F)(F)C(F)(F)C(F)(F)C(F)(F)C(F)(F)F,9,[H]C([H])(C(=O)[O-])C(F)(F)[C](F)F,F[C](F)C(F)(F)C(F)(F)C(F)(F)F,88.22168762395222,120.37679652170368
[H]C([H])(C(=O)[O-])C(F)(F)C(F)(F)C(F)(F)C(F)(F)C(F)(F)C(F)(F)F,10,[H]C([H])(C(=O)[O-])C(F)(F)C(F)(F)[C](F)C(F)(F)C(F)(F)C(F)(F)F,[F],112.06800784003462,15.044847332551967
[H]C([H])(C(=O)[O-])C(F)(F)C(F)(F)C(F)(F)C(F)(F)C(F)(F)C(F)(F)F,12,[H]C([H])(C(=O)[O-])C(F)(F)C(F)(F)[C](F)F,F[C](F)C(F)(F)C(F)(F)F,85.7619530361444,126.74829213203566
[H]C([H])(C(=O)[O-])C(F)(F)C(F)(F)C(F)(F)C(F)(F)C(F)(F)C(F)(F)F,13,[H]C([H])(C(=O)[O-])C(F)(F)C(F)(F)C(F)(F)[C](F)C(F)(F)C(F)(F)F,[F],112.65044328992417,24.905830213076
[H]C([H])(C(=O)[O-])C(F)(F)C(F)(F)C(F)(F)C(F)(F)C(F)(F)C(F)(F)F,15,[H]C([H])(C(=O)[O-])C(F)(F)C(F)(F)C(F)(F)[C](F)F,F[C](F)C(F)(F)F,87.14576937532229,131.09990159578388
[H]C([H])(C(=O)[O-])C(F)(F)C(F)(F)C(F)(F)C(F)(F)C(F)(F)C(F)(F)F,16,[H]C([H])(C(=O)[O-])C(F)(F)C(F)(F)C(F)(F)C(F)(F)[C](F)C(F)(F)F,[F],114.11212391293134,26.19710860576845
[H]C([H])(C(=O)[O-])C(F)(F)C(F)(F)C(F)(F)C(F)(F)C(F)(F)C(F)(F)F,18,[H]C([H])(C(=O)[O-])C(F)(F)C(F)(F)C(F)(F)C(F)(F)[C](F)F,F[C](F)F,92.08342404669281,54.629265931802706
[H]C([H])(C(=O)[O-])C(F)(F)C(F)(F)C(F)(F)C(F)(F)C(F)(F)C(F)(F)F,19,[H]C([H])(C(=O)[O-])C(F)(F)C(F)(F)C(F)(F)C(F)(F)C(F)(F)[C](F)F,[F],123.96008664215799,102.49261633041101
[H]C([H])(C(=O)[O-])C(F)(F)C(F)(F)C(F)(F)C(F)(F)C(F)(F)C(F)(F)F,22,[H][C](C(=O)[O-])C(F)(F)C(F)(F)C(F)(F)C(F)(F)C(F)(F)C(F)(F)F,[H],100.8408618788701,109.2123794701547
[H]C([H])(C(F)(F)C(F)(F)C(F)(F)C(F)(F)C(F)(F)C(F)(F)F)S(=O)(=O)[O-],0,[H][C]([H])S(=O)(=O)[O-],F[C](F)C(F)(F)C(F)(F)C(F)(F)C(F)(F)C(F)(F)F,97.65931544182536,112.74457905280997
[H]C([H])(C(F)(F)C(F)(F)C(F)(F)C(F)(F)C(F)(F)C(F)(F)F)S(=O)(=O)[O-],1,[H]C([H])([C](F)C(F)(F)C(F)(F)C(F)(F)C(F)(F)C(F)(F)F)S(=O)(=O)[O-],[F],113.49353078760146,72.15835982432964
[H]C([H])(C(F)(F)C(F)(F)C(F)(F)C(F)(F)C(F)(F)C(F)(F)F)S(=O)(=O)[O-],3,[H]C([H])([C](F)F)S(=O)(=O)[O-],F[C](F)C(F)(F)C(F)(F)C(F)(F)C(F)(F)F,88.67535919382135,103.08637830089879
[H]C([H])(C(F)(F)C(F)(F)C(F)(F)C(F)(F)C(F)(F)C(F)(F)F)S(=O)(=O)[O-],4,[H]C([H])(C(F)(F)[C](F)C(F)(F)C(F)(F)C(F)(F)C(F)(F)F)S(=O)(=O)[O-],[F],114.26809510878911,35.77382320655147
[H]C([H])(C(F)(F)C(F)(F)C(F)(F)C(F)(F)C(F)(F)C(F)(F)F)S(=O)(=O)[O-],6,[H]C([H])(C(F)(F)[C](F)F)S(=O)(=O)[O-],F[C](F)C(F)(F)C(F)(F)C(F)(F)F,86.81110711593647,65.98378830369143
[H]C([H])(C(F)(F)C(F)(F)C(F)(F)C(F)(F)C(F)(F)C(F)(F)F)S(=O)(=O)[O-],7,[H]C([H])(C(F)(F)C(F)(F)[C](F)C(F)(F)C(F)(F)C(F)(F)F)S(=O)(=O)[O-],[F],112.31059605401356,36.91183039404564
[H]C([H])(C(F)(F)C(F)(F)C(F)(F)C(F)(F)C(F)(F)C(F)(F)F)S(=O)(=O)[O-],9,[H]C([H])(C(F)(F)C(F)(F)[C](F)F)S(=O)(=O)[O-],F[C](F)C(F)(F)C(F)(F)F,85.7598010754748,64.0781540429009
[H]C([H])(C(F)(F)C(F)(F)C(F)(F)C(F)(F)C(F)(F)C(F)(F)F)S(=O)(=O)[O-],10,[H]C([H])(C(F)(F)C(F)(F)C(F)(F)[C](F)C(F)(F)C(F)(F)F)S(=O)(=O)[O-],[F],112.7652234460868,41.7287704292869
[H]C([H])(C(F)(F)C(F)(F)C(F)(F)C(F)(F)C(F)(F)C(F)(F)F)S(=O)(=O)[O-],12,[H]C([H])(C(F)(F)C(F)(F)C(F)(F)[C](F)F)S(=O)(=O)[O-],F[C](F)C(F)(F)F,86.64194634799856,68.5847686951638
[H]C([H])(C(F)(F)C(F)(F)C(F)(F)C(F)(F)C(F)(F)C(F)(F)F)S(=O)(=O)[O-],13,[H]C([H])(C(F)(F)C(F)(F)C(F)(F)C(F)(F)[C](F)C(F)(F)F)S(=O)(=O)[O-],[F],114.26966496021578,38.509798250875065
[H]C([H])(C(F)(F)C(F)(F)C(F)(F)C(F)(F)C(F)(F)C(F)(F)F)S(=O)(=O)[O-],15,[H]C([H])(C(F)(F)C(F)(F)C(F)(F)C(F)(F)[C](F)F)S(=O)(=O)[O-],F[C](F)F,92.21948172281145,132.6248792692877
[H]C([H])(C(F)(F)C(F)(F)C(F)(F)C(F)(F)C(F)(F)C(F)(F)F)S(=O)(=O)[O-],16,[H]C([H])(C(F)(F)C(F)(F)C(F)(F)C(F)(F)C(F)(F)[C](F)F)S(=O)(=O)[O-],[F],124.56280721598205,102.9359731281238
[H]C([H])(C(F)(F)C(F)(F)C(F)(F)C(F)(F)C(F)(F)C(F)(F)F)S(=O)(=O)[O-],19,[H][C]([H])C(F)(F)C(F)(F)C(F)(F)C(F)(F)C(F)(F)C(F)(F)F,O=[S](=O)[O-],72.30869450326168,95.68768201056741
[H]C([H])(C(F)(F)C(F)(F)C(F)(F)C(F)(F)C(F)(F)C(F)(F)F)S(=O)(=O)[O-],22,[H]C([H])([S](=O)=O)C(F)(F)C(F)(F)C(F)(F)C(F)(F)C(F)(F)C(F)(F)F,[O-],,
[H]C([H])(C(F)(F)C(F)(F)C(F)(F)C(F)(F)C(F)(F)C(F)(F)F)S(=O)(=O)[O-],23,[H][C](C(F)(F)C(F)(F)C(F)(F)C(F)(F)C(F)(F)C(F)(F)F)S(=O)(=O)[O-],[H],104.640714546656,131.1328797614931
[H]C([H])(C(=O)[O-])C([H])([H])C(F)(F)C(F)(F)C(F)(F)C(F)(F)C(F)(F)C(F)(F)F,0,[H][C]([H])C([H])([H])C(F)(F)C(F)(F)C(F)(F)C(F)(F)C(F)(F)C(F)(F)F,O=[C][O-],83.79167350742534,67.09975901515236
[H]C([H])(C(=O)[O-])C([H])([H])C(F)(F)C(F)(F)C(F)(F)C(F)(F)C(F)(F)C(F)(F)F,2,[H]C([H])([C]=O)C([H])([H])C(F)(F)C(F)(F)C(F)(F)C(F)(F)C(F)(F)C(F)(F)F,[O-],,
[H]C([H])(C(=O)[O-])C([H])([H])C(F)(F)C(F)(F)C(F)(F)C(F)(F)C(F)(F)C(F)(F)F,3,[H][C]([H])C(=O)[O-],[H][C]([H])C(F)(F)C(F)(F)C(F)(F)C(F)(F)C(F)(F)C(F)(F)F,90.48942674672105,99.06391962314387
[H]C([H])(C(=O)[O-])C([H])([H])C(F)(F)C(F)(F)C(F)(F)C(F)(F)C(F)(F)C(F)(F)F,4,[H][C]([H])C([H])([H])C(=O)[O-],F[C](F)C(F)(F)C(F)(F)C(F)(F)C(F)(F)C(F)(F)F,100.79031307729394,73.37290435934904
[H]C([H])(C(=O)[O-])C([H])([H])C(F)(F)C(F)(F)C(F)(F)C(F)(F)C(F)(F)C(F)(F)F,5,[H]C([H])([C](F)C(F)(F)C(F)(F)C(F)(F)C(F)(F)C(F)(F)F)C([H])([H])C(=O)[O-],[F],116.76237513327692,7.993219074407989
[H]C([H])(C(=O)[O-])C([H])([H])C(F)(F)C(F)(F)C(F)(F)C(F)(F)C(F)(F)C(F)(F)F,7,[H]C([H])([C](F)F)C([H])([H])C(=O)[O-],F[C](F)C(F)(F)C(F)(F)C(F)(F)C(F)(F)F,90.82070410330175,40.1699832483996
[H]C([H])(C(=O)[O-])C([H])([H])C(F)(F)C(F)(F)C(F)(F)C(F)(F)C(F)(F)C(F)(F)F,8,[H]C([H])(C(=O)[O-])C([H])([H])C(F)(F)[C](F)C(F)(F)C(F)(F)C(F)(F)C(F)(F)F,[F],114.96516673949941,12.89062395069493
[H]C([H])(C(=O)[O-])C([H])([H])C(F)(F)C(F)(F)C(F)(F)C(F)(F)C(F)(F)C(F)(F)F,10,[H]C([H])(C(=O)[O-])C([H])([H])C(F)(F)[C](F)F,F[C](F)C(F)(F)C(F)(F)C(F)(F)F,87.25437335899471,40.0943908492377
[H]C([H])(C(=O)[O-])C([H])([H])C(F)(F)C(F)(F)C(F)(F)C(F)(F)C(F)(F)C(F)(F)F,11,[H]C([H])(C(=O)[O-])C([H])([H])C(F)(F)C(F)(F)[C](F)C(F)(F)C(F)(F)C(F)(F)F,[F],112.1250482222564,
[H]C([H])(C(=O)[O-])C([H])([H])C(F)(F)C(F)(F)C(F)(F)C(F)(F)C(F)(F)C(F)(F)F,13,[H]C([H])(C(=O)[O-])C([H])([H])C(F)(F)C(F)(F)[C](F)F,F[C](F)C(F)(F)C(F)(F)F,85.60775460021034,32.23678905847066
[H]C([H])(C(=O)[O-])C([H])([H])C(F)(F)C(F)(F)C(F)(F)C(F)(F)C(F)(F)C(F)(F)F,14,[H]C([H])(C(=O)[O-])C([H])([H])C(F)(F)C(F)(F)C(F)(F)[C](F)C(F)(F)C(F)(F)F,[F],111.81870605329607,8.4491434877026
[H]C([H])(C(=O)[O-])C([H])([H])C(F)(F)C(F)(F)C(F)(F)C(F)(F)C(F)(F)C(F)(F)F,16,[H]C([H])(C(=O)[O-])C([H])([H])C(F)(F)C(F)(F)C(F)(F)[C](F)F,F[C](F)C(F)(F)F,86.1359778057232,48.72971790864824
[H]C([H])(C(=O)[O-])C([H])([H])C(F)(F)C(F)(F)C(F)(F)C(F)(F)C(F)(F)C(F)(F)F,17,[H]C([H])(C(=O)[O-])C([H])([H])C(F)(F)C(F)(F)C(F)(F)C(F)(F)[C](F)C(F)(F)F,[F],113.86553058658592,83.42798437865156
[H]C([H])(C(=O)[O-])C([H])([H])C(F)(F)C(F)(F)C(F)(F)C(F)(F)C(F)(F)C(F)(F)F,19,[H]C([H])(C(=O)[O-])C([H])([H])C(F)(F)C(F)(F)C(F)(F)C(F)(F)[C](F)F,F[C](F)F,92.1671656368261,130.6591546773734
[H]C([H])(C(=O)[O-])C([H])([H])C(F)(F)C(F)(F)C(F)(F)C(F)(F)C(F)(F)C(F)(F)F,20,[H]C([H])(C(=O)[O-])C([H])([H])C(F)(F)C(F)(F)C(F)(F)C(F)(F)C(F)(F)[C](F)F,[F],123.5985467567707,102.9647860877634
[H]C([H])(C(=O)[O-])C([H])([H])C(F)(F)C(F)(F)C(F)(F)C(F)(F)C(F)(F)C(F)(F)F,23,[H][C](C(=O)[O-])C([H])([H])C(F)(F)C(F)(F)C(F)(F)C(F)(F)C(F)(F)C(F)(F)F,[H],95.39534146700305,99.88191842475374
[H]C([H])(C(=O)[O-])C([H])([H])C(F)(F)C(F)(F)C(F)(F)C(F)(F)C(F)(F)C(F)(F)F,25,[H][C](C([H])([H])C(=O)[O-])C(F)(F)C(F)(F)C(F)(F)C(F)(F)C(F)(F)C(F)(F)F,[H],100.0046644395286,76.84120288092004
[H]C([H])(C(F)(F)C(F)(F)C(F)(F)C(F)(F)C(F)(F)C(F)(F)F)C([H])([H])S(=O)(=O)[O-],0,[H][C]([H])C([H])([H])S(=O)(=O)[O-],F[C](F)C(F)(F)C(F)(F)C(F)(F)C(F)(F)C(F)(F)F,99.31034003668742,109.96352731215666
[H]C([H])(C(F)(F)C(F)(F)C(F)(F)C(F)(F)C(F)(F)C(F)(F)F)C([H])([H])S(=O)(=O)[O-],1,[H]C([H])([C](F)C(F)(F)C(F)(F)C(F)(F)C(F)(F)C(F)(F)F)C([H])([H])S(=O)(=O)[O-],[F],117.01248503202237,31.646088307795708
[H]C([H])(C(F)(F)C(F)(F)C(F)(F)C(F)(F)C(F)(F)C(F)(F)F)C([H])([H])S(=O)(=O)[O-],3,[H]C([H])([C](F)F)C([H])([H])S(=O)(=O)[O-],F[C](F)C(F)(F)C(F)(F)C(F)(F)C(F)(F)F,91.22287588599761,105.07388017271069
[H]C([H])(C(F)(F)C(F)(F)C(F)(F)C(F)(F)C(F)(F)C(F)(F)F)C([H])([H])S(=O)(=O)[O-],4,[H]C([H])(C(F)(F)[C](F)C(F)(F)C(F)(F)C(F)(F)C(F)(F)F)C([H])([H])S(=O)(=O)[O-],[F],113.89683242132264,35.363029544615756
[H]C([H])(C(F)(F)C(F)(F)C(F)(F)C(F)(F)C(F)(F)C(F)(F)F)C([H])([H])S(=O)(=O)[O-],6,[H]C([H])(C(F)(F)[C](F)F)C([H])([H])S(=O)(=O)[O-],F[C](F)C(F)(F)C(F)(F)C(F)(F)F,87.98357539861058,121.53100864627845
[H]C([H])(C(F)(F)C(F)(F)C(F)(F)C(F)(F)C(F)(F)C(F)(F)F)C([H])([H])S(=O)(=O)[O-],7,[H]C([H])(C(F)(F)C(F)(F)[C](F)C(F)(F)C(F)(F)C(F)(F)F)C([H])([H])S(=O)(=O)[O-],[F],113.25615388118422,112.87499102802826
[H]C([H])(C(F)(F)C(F)(F)C(F)(F)C(F)(F)C(F)(F)C(F)(F)F)C([H])([H])S(=O)(=O)[O-],9,[H]C([H])(C(F)(F)C(F)(F)[C](F)F)C([H])([H])S(=O)(=O)[O-],F[C](F)C(F)(F)C(F)(F)F,85.44953140899906,126.64624494794111
[H]C([H])(C(F)(F)C(F)(F)C(F)(F)C(F)(F)C(F)(F)C(F)(F)F)C([H])([H])S(=O)(=O)[O-],10,[H]C([H])(C(F)(F)C(F)(F)C(F)(F)[C](F)C(F)(F)C(F)(F)F)C([H])([H])S(=O)(=O)[O-],[F],112.71919320068264,87.55686348758672
[H]C([H])(C(F)(F)C(F)(F)C(F)(F)C(F)(F)C(F)(F)C(F)(F)F)C([H])([H])S(=O)(=O)[O-],12,[H]C([H])(C(F)(F)C(F)(F)C(F)(F)[C](F)F)C([H])([H])S(=O)(=O)[O-],F[C](F)C(F)(F)F,86.65319767154983,69.5132475663263
[H]C([H])(C(F)(F)C(F)(F)C(F)(F)C(F)(F)C(F)(F)C(F)(F)F)C([H])([H])S(=O)(=O)[O-],13,[H]C([H])(C(F)(F)C(F)(F)C(F)(F)C(F)(F)[C](F)C(F)(F)F)C([H])([H])S(=O)(=O)[O-],[F],114.53768399097271,116.1130946901028
[H]C([H])(C(F)(F)C(F)(F)C(F)(F)C(F)(F)C(F)(F)C(F)(F)F)C([H])([H])S(=O)(=O)[O-],15,[H]C([H])(C(F)(F)C(F)(F)C(F)(F)C(F)(F)[C](F)F)C([H])([H])S(=O)(=O)[O-],F[C](F)F,92.1562471742493,134.7054420640677
[H]C([H])(C(F)(F)C(F)(F)C(F)(F)C(F)(F)C(F)(F)C(F)(F)F)C([H])([H])S(=O)(=O)[O-],16,[H]C([H])(C(F)(F)C(F)(F)C(F)(F)C(F)(F)C(F)(F)[C](F)F)C([H])([H])S(=O)(=O)[O-],[F],123.93285291267375,104.02067396848679
[H]C([H])(C(F)(F)C(F)(F)C(F)(F)C(F)(F)C(F)(F)C(F)(F)F)C([H])([H])S(=O)(=O)[O-],19,[H][C]([H])C(F)(F)C(F)(F)C(F)(F)C(F)(F)C(F)(F)C(F)(F)F,[H][C]([H])S(=O)(=O)[O-],95.91968049644038,120.26460270628036
[H]C([H])(C(F)(F)C(F)(F)C(F)(F)C(F)(F)C(F)(F)C(F)(F)F)C([H])([H])S(=O)(=O)[O-],20,[H][C]([H])C([H])([H])C(F)(F)C(F)(F)C(F)(F)C(F)(F)C(F)(F)C(F)(F)F,O=[S](=O)[O-],75.1011073457039,117.5954255036379
[H]C([H])(C(F)(F)C(F)(F)C(F)(F)C(F)(F)C(F)(F)C(F)(F)F)C([H])([H])S(=O)(=O)[O-],23,[H]C([H])([S](=O)=O)C([H])([H])C(F)(F)C(F)(F)C(F)(F)C(F)(F)C(F)(F)C(F)(F)F,[O-],,
[H]C([H])(C(F)(F)C(F)(F)C(F)(F)C(F)(F)C(F)(F)C(F)(F)F)C([H])([H])S(=O)(=O)[O-],24,[H][C](C(F)(F)C(F)(F)C(F)(F)C(F)(F)C(F)(F)C(F)(F)F)C([H])([H])S(=O)(=O)[O-],[H],100.76517994819028,127.43143804878059
[H]C([H])(C(F)(F)C(F)(F)C(F)(F)C(F)(F)C(F)(F)C(F)(F)F)C([H])([H])S(=O)(=O)[O-],26,[H][C](C([H])([H])C(F)(F)C(F)(F)C(F)(F)C(F)(F)C(F)(F)C(F)(F)F)S(=O)(=O)[O-],[H],102.06941715149355,121.2785362504269
O=C([O-])C(F)(OC(F)(F)C(F)(F)C(F)(F)F)C(F)(F)F,1,O=[C]C(F)(OC(F)(F)C(F)(F)C(F)(F)F)C(F)(F)F,[O-],,
O=C([O-])C(F)(OC(F)(F)C(F)(F)C(F)(F)F)C(F)(F)F,2,O=[C][O-],F[C](OC(F)(F)C(F)(F)C(F)(F)F)C(F)(F)F,86.21725760513073,35.357443551463916
O=C([O-])C(F)(OC(F)(F)C(F)(F)C(F)(F)F)C(F)(F)F,3,O=C([O-])[C](OC(F)(F)C(F)(F)C(F)(F)F)C(F)(F)F,[F],111.4663260483735,55.129133552994745
O=C([O-])C(F)(OC(F)(F)C(F)(F)C(F)(F)F)C(F)(F)F,4,O=C([O-])[C](F)C(F)(F)F,[O]C(F)(F)C(F)(F)C(F)(F)F,90.5820980747825,37.557558355734386
O=C([O-])C(F)(OC(F)(F)C(F)(F)C(F)(F)F)C(F)(F)F,5,[O]C(F)(C(=O)[O-])C(F)(F)F,F[C](F)C(F)(F)C(F)(F)F,77.54264680420704,47.74286918844098
O=C([O-])C(F)(OC(F)(F)C(F)(F)C(F)(F)F)C(F)(F)F,6,O=C([O-])C(F)(O[C](F)C(F)(F)C(F)(F)F)C(F)(F)F,[F],120.08408020506522,20.360880635778926
O=C([O-])C(F)(OC(F)(F)C(F)(F)C(F)(F)F)C(F)(F)F,8,O=C([O-])C(F)(O[C](F)F)C(F)(F)F,F[C](F)C(F)(F)F,91.32056098077442,51.64407222748878
O=C([O-])C(F)(OC(F)(F)C(F)(F)C(F)(F)F)C(F)(F)F,9,O=C([O-])C(F)(OC(F)(F)[C](F)C(F)(F)F)C(F)(F)F,[F],115.65042245772077,25.723487913545
O=C([O-])C(F)(OC(F)(F)C(F)(F)C(F)(F)F)C(F)(F)F,11,O=C([O-])C(F)(OC(F)(F)[C](F)F)C(F)(F)F,F[C](F)F,94.52324692019602,59.36889862195528
O=C([O-])C(F)(OC(F)(F)C(F)(F)C(F)(F)F)C(F)(F)F,12,O=C([O-])C(F)(OC(F)(F)C(F)(F)[C](F)F)C(F)(F)F,[F],124.64292054988391,98.72900888765741
O=C([O-])C(F)(OC(F)(F)C(F)(F)C(F)(F)F)C(F)(F)F,15,O=C([O-])[C](F)OC(F)(F)C(F)(F)C(F)(F)F,F[C](F)F,90.9722817421482,103.16748375188865
O=C([O-])C(F)(OC(F)(F)C(F)(F)C(F)(F)F)C(F)(F)F,16,O=C([O-])C(F)(OC(F)(F)C(F)(F)C(F)(F)F)[C](F)F,[F],125.79798429638174,46.5219507420494
O=S(=O)([O-])C(F)(OC(F)(F)C(F)(F)C(F)(F)F)C(F)(F)F,2,O=[S](=O)C(F)(OC(F)(F)C(F)(F)C(F)(F)F)C(F)(F)F,[O-],,
O=S(=O)([O-])C(F)(OC(F)(F)C(F)(F)C(F)(F)F)C(F)(F)F,3,O=[S](=O)[O-],F[C](OC(F)(F)C(F)(F)C(F)(F)F)C(F)(F)F,65.11471430291408,73.44113289945426
O=S(=O)([O-])C(F)(OC(F)(F)C(F)(F)C(F)(F)F)C(F)(F)F,4,O=S(=O)([O-])[C](OC(F)(F)C(F)(F)C(F)(F)F)C(F)(F)F,[F],110.77399872334752,71.918688006607
O=S(=O)([O-])C(F)(OC(F)(F)C(F)(F)C(F)(F)F)C(F)(F)F,5,O=S(=O)([O-])[C](F)C(F)(F)F,[O]C(F)(F)C(F)(F)C(F)(F)F,91.20001477039864,51.97602386934818
O=S(=O)([O-])C(F)(OC(F)(F)C(F)(F)C(F)(F)F)C(F)(F)F,6,[O]C(F)(C(F)(F)F)S(=O)(=O)[O-],F[C](F)C(F)(F)C(F)(F)F,,
O=S(=O)([O-])C(F)(OC(F)(F)C(F)(F)C(F)(F)F)C(F)(F)F,7,O=S(=O)([O-])C(F)(O[C](F)C(F)(F)C(F)(F)F)C(F)(F)F,[F],117.3276401703572,42.58856086306707
O=S(=O)([O-])C(F)(OC(F)(F)C(F)(F)C(F)(F)F)C(F)(F)F,9,O=S(=O)([O-])C(F)(O[C](F)F)C(F)(F)F,F[C](F)C(F)(F)F,89.37830426742835,73.59456929777366
O=S(=O)([O-])C(F)(OC(F)(F)C(F)(F)C(F)(F)F)C(F)(F)F,10,O=S(=O)([O-])C(F)(OC(F)(F)[C](F)C(F)(F)F)C(F)(F)F,[F],116.01775887027088,48.535118258402576
O=S(=O)([O-])C(F)(OC(F)(F)C(F)(F)C(F)(F)F)C(F)(F)F,12,O=S(=O)([O-])C(F)(OC(F)(F)[C](F)F)C(F)(F)F,F[C](F)F,94.25137193158889,77.87170326516389
O=S(=O)([O-])C(F)(OC(F)(F)C(F)(F)C(F)(F)F)C(F)(F)F,13,O=S(=O)([O-])C(F)(OC(F)(F)C(F)(F)[C](F)F)C(F)(F)F,[F],124.17210167659618,55.8598138321463
O=S(=O)([O-])C(F)(OC(F)(F)C(F)(F)C(F)(F)F)C(F)(F)F,16,O=S(=O)([O-])[C](F)OC(F)(F)C(F)(F)C(F)(F)F,F[C](F)F,90.04683324432051,108.50660754350884
O=S(=O)([O-])C(F)(OC(F)(F)C(F)(F)C(F)(F)F)C(F)(F)F,17,O=S(=O)([O-])C(F)(OC(F)(F)C(F)(F)C(F)(F)F)[C](F)F,[F],122.68433889627374,53.281982103466135
