Parent_SMILES,Bond_Index,Frag1_SMILES,Frag2_SMILES,BDE_wB97X-V
[H]C([H])([H])[H],0,[H][C]([H])[H],[H],112.24999237500333
[H]C([H])([H])F,0,[H][C]([H])[H],[F],115.73816447499382
[H]C([H])([H])F,1,[H][C]([H])F,[H],107.42404047499718
[H]C([H])(F)F,0,[H][C]([H])F,[F],122.85107150000705
[H]C([H])(F)F,2,[H][C](F)F,[H],106.80819314999972
[H]C(F)(F)F,0,[H][C](F)F,[F],128.61856205001928
[H]C(F)(F)F,3,F[C](F)F,[H],111.38081702498326
FC(F)(F)F,0,[F],F[C](F)F,130.75140944996477
[H]OC(=O)C([H])([H])[H],0,[H][O],[H]C([H])([H])[C]=O,113.23501049999095
[H]OC(=O)C([H])([H])[H],2,[H]O[C]=O,[H][C]([H])[H],101.74583062500638
[H]OC(=O)C([H])([H])[H],3,[H]C([H])([H])C([O])=O,[H],115.66753935002232
[H]OC(=O)C([H])([H])[H],4,[H]OC(=O)[C]([H])[H],[H],104.96397692500608
[H]OC(=O)C([H])([H])F,0,[H][O],[H]C([H])(F)[C]=O,112.12402175001372
[H]OC(=O)C([H])([H])F,2,[H]O[C]=O,[H][C]([H])F,95.88482375000126
[H]OC(=O)C([H])([H])F,3,[H]OC(=O)[C]([H])[H],[F],107.41709405001544
[H]OC(=O)C([H])([H])F,4,[H]C([H])(F)C([O])=O,[H],117.60209674998691
[H]OC(=O)C([H])([H])F,5,[H]OC(=O)[C]([H])F,[H],98.56981467500589
[H]OC(=O)C([H])(F)F,0,[H][O],[H]C(F)(F)[C]=O,112.85466392503025
[H]OC(=O)C([H])(F)F,2,[H]O[C]=O,[H][C](F)F,91.34574602500223
[H]OC(=O)C([H])(F)F,3,[H]OC(=O)[C]([H])F,[F],110.07361530001418
[H]OC(=O)C([H])(F)F,5,[H]C(F)(F)C([O])=O,[H],95.74915824999422
[H]OC(=O)C([H])(F)F,6,[H]OC(=O)[C](F)F,[H],99.75813025000974
[H]OC(=O)C(F)(F)F,0,[H][O],O=[C]C(F)(F)F,113.38393507499376
[H]OC(=O)C(F)(F)F,2,[H]O[C]=O,F[C](F)F,93.00122907496302
[H]OC(=O)C(F)(F)F,3,[H]OC(=O)[C](F)F,[F],118.65135832504222
[H]OC(=O)C(F)(F)F,6,[O]C(=O)C(F)(F)F,[H],97.60080407497838
[H]OS(=O)(=O)C([H])([H])[H],0,[H][O],[H]C([H])([H])[S](=O)=O,91.70205307497582
[H]OS(=O)(=O)C([H])([H])[H],3,[H]O[S](=O)=O,[H][C]([H])[H],83.5626501749718
[H]OS(=O)(=O)C([H])([H])[H],4,[H]C([H])([H])S([O])(=O)=O,[H],113.42016064998148
[H]OS(=O)(=O)C([H])([H])[H],5,[H]OS(=O)(=O)[C]([H])[H],[H],111.71585809999414
[H]OS(=O)(=O)C([H])([H])F,0,[H][O],[H]C([H])(F)[S](=O)=O,91.87910219996041
[H]OS(=O)(=O)C([H])([H])F,3,[H]O[S](=O)=O,[H][C]([H])F,73.97310104999576
[H]OS(=O)(=O)C([H])([H])F,4,[H]OS(=O)(=O)[C]([H])[H],[F],110.44043297501474
[H]OS(=O)(=O)C([H])([H])F,5,[H]C([H])(F)S([O])(=O)=O,[H],113.01290687500597
[H]OS(=O)(=O)C([H])([H])F,6,[H]OS(=O)(=O)[C]([H])F,[H],106.74080592495727
[H]OS(=O)(=O)C([H])(F)F,0,[H][O],[H]C(F)(F)[S](=O)=O,90.55810802492914
[H]OS(=O)(=O)C([H])(F)F,3,[H]O[S](=O)=O,[H][C](F)F,69.05203269998026
[H]OS(=O)(=O)C([H])(F)F,4,[H]OS(=O)(=O)[C]([H])F,[F],117.86261592498477
[H]OS(=O)(=O)C([H])(F)F,6,[H]C(F)(F)S([O])(=O)=O,[H],114.25755312496676
[H]OS(=O)(=O)C([H])(F)F,7,[H]OS(=O)(=O)[C](F)F,[H],105.20222612495814
[H]OS(=O)(=O)C(F)(F)F,0,[H][O],O=[S](=O)C(F)(F)F,91.6949874250065
[H]OS(=O)(=O)C(F)(F)F,3,[H]O[S](=O)=O,F[C](F)F,69.72691522502913
[H]OS(=O)(=O)C(F)(F)F,4,[H]OS(=O)(=O)[C](F)F,[F],123.11485367504304
[H]OS(=O)(=O)C(F)(F)F,7,[O]S(=O)(=O)C(F)(F)F,[H],116.02207057499612
[H]OC(=O)C(F)(F)C(F)(F)F,0,[H][O],O=[C]C(F)(F)C(F)(F)F,113.32204474997809
[H]OC(=O)C(F)(F)C(F)(F)F,2,[H]O[C]=O,F[C](F)C(F)(F)F,89.72515825004393
[H]OC(=O)C(F)(F)C(F)(F)F,3,[H]OC(=O)[C](F)C(F)(F)F,[F],110.2268884500424
[H]OC(=O)C(F)(F)C(F)(F)F,5,[H]OC(=O)[C](F)F,F[C](F)F,87.4710213749745
[H]OC(=O)C(F)(F)C(F)(F)F,6,[H]OC(=O)C(F)(F)[C](F)F,[F],125.47619265004727
[H]OC(=O)C(F)(F)C(F)(F)F,9,[O]C(=O)C(F)(F)C(F)(F)F,[H],119.83258942499049
[H]OS(=O)(=O)C(F)(F)C(F)(F)F,0,[H][O],O=[S](=O)C(F)(F)C(F)(F)F,91.3122187000505
[H]OS(=O)(=O)C(F)(F)C(F)(F)F,3,[H]O[S](=O)=O,F[C](F)C(F)(F)F,65.91791492495531
[H]OS(=O)(=O)C(F)(F)C(F)(F)F,4,[H]OS(=O)(=O)[C](F)C(F)(F)F,[F],115.40260884996712
[H]OS(=O)(=O)C(F)(F)C(F)(F)F,6,[H]OS(=O)(=O)[C](F)F,F[C](F)F,91.40158724989192
[H]OS(=O)(=O)C(F)(F)C(F)(F)F,7,[H]OS(=O)(=O)C(F)(F)[C](F)F,[F],123.74484484993559
[H]OS(=O)(=O)C(F)(F)C(F)(F)F,10,[O]S(=O)(=O)C(F)(F)C(F)(F)F,[H],116.06016609996914
[H]OC(=O)C(F)(F)C(F)(F)C(F)(F)F,0,[H][O],O=[C]C(F)(F)C(F)(F)C(F)(F)F,113.62454994996767
[H]OC(=O)C(F)(F)C(F)(F)C(F)(F)F,2,[H]O[C]=O,F[C](F)C(F)(F)C(F)(F)F,88.7920531999643
[H]OC(=O)C(F)(F)C(F)(F)C(F)(F)F,3,[H]OC(=O)[C](F)C(F)(F)C(F)(F)F,[F],108.92032677504602
[H]OC(=O)C(F)(F)C(F)(F)C(F)(F)F,5,[H]OC(=O)[C](F)F,F[C](F)C(F)(F)F,83.09408337501054
[H]OC(=O)C(F)(F)C(F)(F)C(F)(F)F,6,[H]OC(=O)C(F)(F)[C](F)C(F)(F)F,[F],117.59648690003104
[H]OC(=O)C(F)(F)C(F)(F)C(F)(F)F,8,[H]OC(=O)C(F)(F)[C](F)F,F[C](F)F,93.19498852493467
[H]OC(=O)C(F)(F)C(F)(F)C(F)(F)F,9,[H]OC(=O)C(F)(F)C(F)(F)[C](F)F,[F],124.81525317500171
[H]OC(=O)C(F)(F)C(F)(F)C(F)(F)F,12,[O]C(=O)C(F)(F)C(F)(F)C(F)(F)F,[H],93.24498145000035
[H]OS(=O)(=O)C(F)(F)C(F)(F)C(F)(F)F,0,[H][O],O=[S](=O)C(F)(F)C(F)(F)C(F)(F)F,90.85051047510831
[H]OS(=O)(=O)C(F)(F)C(F)(F)C(F)(F)F,3,[H]O[S](=O)=O,F[C](F)C(F)(F)C(F)(F)F,64.90652924998415
[H]OS(=O)(=O)C(F)(F)C(F)(F)C(F)(F)F,4,[H]OS(=O)(=O)[C](F)C(F)(F)C(F)(F)F,[F],113.69974327504963
[H]OS(=O)(=O)C(F)(F)C(F)(F)C(F)(F)F,6,[H]OS(=O)(=O)[C](F)F,F[C](F)C(F)(F)F,86.94636862496509
[H]OS(=O)(=O)C(F)(F)C(F)(F)C(F)(F)F,7,[H]OS(=O)(=O)C(F)(F)[C](F)C(F)(F)F,[F],114.92862044991398
[H]OS(=O)(=O)C(F)(F)C(F)(F)C(F)(F)F,9,[H]OS(=O)(=O)C(F)(F)[C](F)F,F[C](F)F,91.3853601000028
[H]OS(=O)(=O)C(F)(F)C(F)(F)C(F)(F)F,10,[H]OS(=O)(=O)C(F)(F)C(F)(F)[C](F)F,[F],124.66086307501484
[H]OS(=O)(=O)C(F)(F)C(F)(F)C(F)(F)F,13,[O]S(=O)(=O)C(F)(F)C(F)(F)C(F)(F)F,[H],116.06630932506278
[H]OS(=O)(=O)C(F)(F)C(F)(F)C(F)(F)C(F)(F)F,0,[H][O],O=[S](=O)C(F)(F)C(F)(F)C(F)(F)C(F)(F)F,90.81483082505429
[H]OS(=O)(=O)C(F)(F)C(F)(F)C(F)(F)C(F)(F)F,3,[H]O[S](=O)=O,F[C](F)C(F)(F)C(F)(F)C(F)(F)F,65.21143777509678
[H]OS(=O)(=O)C(F)(F)C(F)(F)C(F)(F)C(F)(F)F,4,[H]OS(=O)(=O)[C](F)C(F)(F)C(F)(F)C(F)(F)F,[F],113.14240405000646
[H]OS(=O)(=O)C(F)(F)C(F)(F)C(F)(F)C(F)(F)F,6,[H]OS(=O)(=O)[C](F)F,F[C](F)C(F)(F)C(F)(F)F,85.53548507503592
[H]OS(=O)(=O)C(F)(F)C(F)(F)C(F)(F)C(F)(F)F,7,[H]OS(=O)(=O)C(F)(F)[C](F)C(F)(F)C(F)(F)F,[F],113.33738712495006
[H]OS(=O)(=O)C(F)(F)C(F)(F)C(F)(F)C(F)(F)F,9,[H]OS(=O)(=O)C(F)(F)[C](F)F,F[C](F)C(F)(F)F,86.53064359997529
[H]OS(=O)(=O)C(F)(F)C(F)(F)C(F)(F)C(F)(F)F,10,[H]OS(=O)(=O)C(F)(F)C(F)(F)[C](F)C(F)(F)F,[F],115.27196962498806
[H]OS(=O)(=O)C(F)(F)C(F)(F)C(F)(F)C(F)(F)F,12,[H]OS(=O)(=O)C(F)(F)C(F)(F)[C](F)F,F[C](F)F,91.90188044998138
[H]OS(=O)(=O)C(F)(F)C(F)(F)C(F)(F)C(F)(F)F,13,[H]OS(=O)(=O)C(F)(F)C(F)(F)C(F)(F)[C](F)F,[F],124.50857509998343
[H]OS(=O)(=O)C(F)(F)C(F)(F)C(F)(F)C(F)(F)F,16,[O]S(=O)(=O)C(F)(F)C(F)(F)C(F)(F)C(F)(F)F,[H],115.87653450011317
[H]OC(=O)C(F)(F)C(F)(F)C(F)(F)C(F)(F)F,0,[H][O],O=[C]C(F)(F)C(F)(F)C(F)(F)C(F)(F)F,112.91019767492571
[H]OC(=O)C(F)(F)C(F)(F)C(F)(F)C(F)(F)F,2,[H]O[C]=O,F[C](F)C(F)(F)C(F)(F)C(F)(F)F,89.07310417491317
[H]OC(=O)C(F)(F)C(F)(F)C(F)(F)C(F)(F)F,3,[H]OC(=O)[C](F)C(F)(F)C(F)(F)C(F)(F)F,[F],108.53394992493861
[H]OC(=O)C(F)(F)C(F)(F)C(F)(F)C(F)(F)F,5,[H]OC(=O)[C](F)F,F[C](F)C(F)(F)C(F)(F)F,81.65934227484627
[H]OC(=O)C(F)(F)C(F)(F)C(F)(F)C(F)(F)F,6,[H]OC(=O)C(F)(F)[C](F)C(F)(F)C(F)(F)F,[F],115.45033649987658
[H]OC(=O)C(F)(F)C(F)(F)C(F)(F)C(F)(F)F,8,[H]OC(=O)C(F)(F)[C](F)F,F[C](F)C(F)(F)F,88.31641447502875
[H]OC(=O)C(F)(F)C(F)(F)C(F)(F)C(F)(F)F,9,[H]OC(=O)C(F)(F)C(F)(F)[C](F)C(F)(F)F,[F],115.56172402485004
[H]OC(=O)C(F)(F)C(F)(F)C(F)(F)C(F)(F)F,11,[H]OC(=O)C(F)(F)C(F)(F)[C](F)F,F[C](F)F,92.03241299994716
[H]OC(=O)C(F)(F)C(F)(F)C(F)(F)C(F)(F)F,12,[H]OC(=O)C(F)(F)C(F)(F)C(F)(F)[C](F)F,[F],124.577367924839
[H]OC(=O)C(F)(F)C(F)(F)C(F)(F)C(F)(F)F,15,[O]C(=O)C(F)(F)C(F)(F)C(F)(F)C(F)(F)F,[H],93.02541292502895
[H]OS(=O)(=O)C(F)(F)C(F)(F)C(F)(F)C(F)(F)C(F)(F)F,0,[H][O],O=[S](=O)C(F)(F)C(F)(F)C(F)(F)C(F)(F)C(F)(F)F,90.69623959993066
[H]OS(=O)(=O)C(F)(F)C(F)(F)C(F)(F)C(F)(F)C(F)(F)F,3,[H]O[S](=O)=O,F[C](F)C(F)(F)C(F)(F)C(F)(F)C(F)(F)F,65.29327005002358
[H]OS(=O)(=O)C(F)(F)C(F)(F)C(F)(F)C(F)(F)C(F)(F)F,4,[H]OS(=O)(=O)[C](F)C(F)(F)C(F)(F)C(F)(F)C(F)(F)F,[F],113.48751649983853
[H]OS(=O)(=O)C(F)(F)C(F)(F)C(F)(F)C(F)(F)C(F)(F)F,6,[H]OS(=O)(=O)[C](F)F,F[C](F)C(F)(F)C(F)(F)C(F)(F)F,86.09269879997953
[H]OS(=O)(=O)C(F)(F)C(F)(F)C(F)(F)C(F)(F)C(F)(F)F,7,[H]OS(=O)(=O)C(F)(F)[C](F)C(F)(F)C(F)(F)C(F)(F)F,[F],113.01711112484554
[H]OS(=O)(=O)C(F)(F)C(F)(F)C(F)(F)C(F)(F)C(F)(F)F,9,[H]OS(=O)(=O)C(F)(F)[C](F)F,F[C](F)C(F)(F)C(F)(F)F,85.37206525001977
[H]OS(=O)(=O)C(F)(F)C(F)(F)C(F)(F)C(F)(F)C(F)(F)F,10,[H]OS(=O)(=O)C(F)(F)C(F)(F)[C](F)C(F)(F)C(F)(F)F,[F],113.40684509990524
[H]OS(=O)(=O)C(F)(F)C(F)(F)C(F)(F)C(F)(F)C(F)(F)F,12,[H]OS(=O)(=O)C(F)(F)C(F)(F)[C](F)F,F[C](F)C(F)(F)F,87.2994691500702
[H]OS(=O)(=O)C(F)(F)C(F)(F)C(F)(F)C(F)(F)C(F)(F)F,13,[H]OS(=O)(=O)C(F)(F)C(F)(F)C(F)(F)[C](F)C(F)(F)F,[F],116.03174034996243
[H]OS(=O)(=O)C(F)(F)C(F)(F)C(F)(F)C(F)(F)C(F)(F)F,15,[H]OS(=O)(=O)C(F)(F)C(F)(F)C(F)(F)[C](F)F,F[C](F)F,92.00189767492361
[H]OS(=O)(=O)C(F)(F)C(F)(F)C(F)(F)C(F)(F)C(F)(F)F,16,[H]OS(=O)(=O)C(F)(F)C(F)(F)C(F)(F)C(F)(F)[C](F)F,[F],124.59828877488462
[H]OS(=O)(=O)C(F)(F)C(F)(F)C(F)(F)C(F)(F)C(F)(F)F,19,[O]S(=O)(=O)C(F)(F)C(F)(F)C(F)(F)C(F)(F)C(F)(F)F,[H],115.98686782496372
[H]OC(=O)C(F)(F)C(F)(F)C(F)(F)C(F)(F)C(F)(F)F,0,[H][O],O=[C]C(F)(F)C(F)(F)C(F)(F)C(F)(F)C(F)(F)F,112.91575732505578
[H]OC(=O)C(F)(F)C(F)(F)C(F)(F)C(F)(F)C(F)(F)F,2,[H]O[C]=O,F[C](F)C(F)(F)C(F)(F)C(F)(F)C(F)(F)F,88.87673432493955
[H]OC(=O)C(F)(F)C(F)(F)C(F)(F)C(F)(F)C(F)(F)F,3,[H]OC(=O)[C](F)C(F)(F)C(F)(F)C(F)(F)C(F)(F)F,[F],108.50821614999859
[H]OC(=O)C(F)(F)C(F)(F)C(F)(F)C(F)(F)C(F)(F)F,5,[H]OC(=O)[C](F)F,F[C](F)C(F)(F)C(F)(F)C(F)(F)F,81.93835387503213
[H]OC(=O)C(F)(F)C(F)(F)C(F)(F)C(F)(F)C(F)(F)F,6,[H]OC(=O)C(F)(F)[C](F)C(F)(F)C(F)(F)C(F)(F)F,[F],115.0459378499545
[H]OC(=O)C(F)(F)C(F)(F)C(F)(F)C(F)(F)C(F)(F)F,8,[H]OC(=O)C(F)(F)[C](F)F,F[C](F)C(F)(F)C(F)(F)F,86.87963399988746
[H]OC(=O)C(F)(F)C(F)(F)C(F)(F)C(F)(F)C(F)(F)F,9,[H]OC(=O)C(F)(F)C(F)(F)[C](F)C(F)(F)C(F)(F)F,[F],114.00496554998313
[H]OC(=O)C(F)(F)C(F)(F)C(F)(F)C(F)(F)C(F)(F)F,11,[H]OC(=O)C(F)(F)C(F)(F)[C](F)F,F[C](F)C(F)(F)F,87.15179957499288
[H]OC(=O)C(F)(F)C(F)(F)C(F)(F)C(F)(F)C(F)(F)F,12,[H]OC(=O)C(F)(F)C(F)(F)C(F)(F)[C](F)C(F)(F)F,[F],115.63965952489582
[H]OC(=O)C(F)(F)C(F)(F)C(F)(F)C(F)(F)C(F)(F)F,14,[H]OC(=O)C(F)(F)C(F)(F)C(F)(F)[C](F)F,F[C](F)F,91.79248837487876
[H]OC(=O)C(F)(F)C(F)(F)C(F)(F)C(F)(F)C(F)(F)F,15,[H]OC(=O)C(F)(F)C(F)(F)C(F)(F)C(F)(F)[C](F)F,[F],124.69513084987625
[H]OC(=O)C(F)(F)C(F)(F)C(F)(F)C(F)(F)C(F)(F)F,18,[O]C(=O)C(F)(F)C(F)(F)C(F)(F)C(F)(F)C(F)(F)F,[H],119.80794750006055
[H]OS(=O)(=O)C(F)(F)C(F)(F)C(F)(F)C(F)(F)C(F)(F)C(F)(F)F,0,[H][O],O=[S](=O)C(F)(F)C(F)(F)C(F)(F)C(F)(F)C(F)(F)C(F)(F)F,90.79419235001865
[H]OS(=O)(=O)C(F)(F)C(F)(F)C(F)(F)C(F)(F)C(F)(F)C(F)(F)F,3,[H]O[S](=O)=O,F[C](F)C(F)(F)C(F)(F)C(F)(F)C(F)(F)C(F)(F)F,65.22738254983324
[H]OS(=O)(=O)C(F)(F)C(F)(F)C(F)(F)C(F)(F)C(F)(F)C(F)(F)F,4,[H]OS(=O)(=O)[C](F)C(F)(F)C(F)(F)C(F)(F)C(F)(F)C(F)(F)F,[F],113.15282682492807
[H]OS(=O)(=O)C(F)(F)C(F)(F)C(F)(F)C(F)(F)C(F)(F)C(F)(F)F,6,[H]OS(=O)(=O)[C](F)F,F[C](F)C(F)(F)C(F)(F)C(F)(F)C(F)(F)F,85.94212389995164
[H]OS(=O)(=O)C(F)(F)C(F)(F)C(F)(F)C(F)(F)C(F)(F)C(F)(F)F,7,[H]OS(=O)(=O)C(F)(F)[C](F)C(F)(F)C(F)(F)C(F)(F)C(F)(F)F,[F],113.1245265751636
[H]OS(=O)(=O)C(F)(F)C(F)(F)C(F)(F)C(F)(F)C(F)(F)C(F)(F)F,9,[H]OS(=O)(=O)C(F)(F)[C](F)F,F[C](F)C(F)(F)C(F)(F)C(F)(F)F,85.6968718000087
[H]OS(=O)(=O)C(F)(F)C(F)(F)C(F)(F)C(F)(F)C(F)(F)C(F)(F)F,10,[H]OS(=O)(=O)C(F)(F)C(F)(F)[C](F)C(F)(F)C(F)(F)C(F)(F)F,[F],112.930189824948
[H]OS(=O)(=O)C(F)(F)C(F)(F)C(F)(F)C(F)(F)C(F)(F)C(F)(F)F,12,[H]OS(=O)(=O)C(F)(F)C(F)(F)[C](F)F,F[C](F)C(F)(F)C(F)(F)F,85.90848362487463
[H]OS(=O)(=O)C(F)(F)C(F)(F)C(F)(F)C(F)(F)C(F)(F)C(F)(F)F,13,[H]OS(=O)(=O)C(F)(F)C(F)(F)C(F)(F)[C](F)C(F)(F)C(F)(F)F,[F],114.14299672511902
[H]OS(=O)(=O)C(F)(F)C(F)(F)C(F)(F)C(F)(F)C(F)(F)C(F)(F)F,15,[H]OS(=O)(=O)C(F)(F)C(F)(F)C(F)(F)[C](F)F,F[C](F)C(F)(F)F,87.16707920005774
[H]OS(=O)(=O)C(F)(F)C(F)(F)C(F)(F)C(F)(F)C(F)(F)C(F)(F)F,16,[H]OS(=O)(=O)C(F)(F)C(F)(F)C(F)(F)C(F)(F)[C](F)C(F)(F)F,[F],116.2824516999558
[H]OS(=O)(=O)C(F)(F)C(F)(F)C(F)(F)C(F)(F)C(F)(F)C(F)(F)F,18,[H]OS(=O)(=O)C(F)(F)C(F)(F)C(F)(F)C(F)(F)[C](F)F,F[C](F)F,91.85920417501279
[H]OS(=O)(=O)C(F)(F)C(F)(F)C(F)(F)C(F)(F)C(F)(F)C(F)(F)F,19,[H]OS(=O)(=O)C(F)(F)C(F)(F)C(F)(F)C(F)(F)C(F)(F)[C](F)F,[F],124.45602824996058
[H]OS(=O)(=O)C(F)(F)C(F)(F)C(F)(F)C(F)(F)C(F)(F)C(F)(F)F,22,[O]S(=O)(=O)C(F)(F)C(F)(F)C(F)(F)C(F)(F)C(F)(F)C(F)(F)F,[H],115.83016852492847
[H]OC(=O)C(F)(F)C(F)(F)C(F)(F)C(F)(F)C(F)(F)C(F)(F)F,0,[H][O],O=[C]C(F)(F)C(F)(F)C(F)(F)C(F)(F)C(F)(F)C(F)(F)F,112.86823675009657
[H]OC(=O)C(F)(F)C(F)(F)C(F)(F)C(F)(F)C(F)(F)C(F)(F)F,2,[H]O[C]=O,F[C](F)C(F)(F)C(F)(F)C(F)(F)C(F)(F)C(F)(F)F,88.93156527491954
[H]OC(=O)C(F)(F)C(F)(F)C(F)(F)C(F)(F)C(F)(F)C(F)(F)F,3,[H]OC(=O)[C](F)C(F)(F)C(F)(F)C(F)(F)C(F)(F)C(F)(F)F,[F],108.87446907497917
[H]OC(=O)C(F)(F)C(F)(F)C(F)(F)C(F)(F)C(F)(F)C(F)(F)F,5,[H]OC(=O)[C](F)F,F[C](F)C(F)(F)C(F)(F)C(F)(F)C(F)(F)F,81.9084974250319
[H]OC(=O)C(F)(F)C(F)(F)C(F)(F)C(F)(F)C(F)(F)C(F)(F)F,6,[H]OC(=O)C(F)(F)[C](F)C(F)(F)C(F)(F)C(F)(F)C(F)(F)F,[F],115.1948937999822
[H]OC(=O)C(F)(F)C(F)(F)C(F)(F)C(F)(F)C(F)(F)C(F)(F)F,8,[H]OC(=O)C(F)(F)[C](F)F,F[C](F)C(F)(F)C(F)(F)C(F)(F)F,87.32515900004671
[H]OC(=O)C(F)(F)C(F)(F)C(F)(F)C(F)(F)C(F)(F)C(F)(F)F,9,[H]OC(=O)C(F)(F)C(F)(F)[C](F)C(F)(F)C(F)(F)C(F)(F)F,[F],113.14695969991078
[H]OC(=O)C(F)(F)C(F)(F)C(F)(F)C(F)(F)C(F)(F)C(F)(F)F,11,[H]OC(=O)C(F)(F)C(F)(F)[C](F)F,F[C](F)C(F)(F)C(F)(F)F,85.88153249996765
[H]OC(=O)C(F)(F)C(F)(F)C(F)(F)C(F)(F)C(F)(F)C(F)(F)F,12,[H]OC(=O)C(F)(F)C(F)(F)C(F)(F)[C](F)C(F)(F)C(F)(F)F,[F],113.59486919996414
[H]OC(=O)C(F)(F)C(F)(F)C(F)(F)C(F)(F)C(F)(F)C(F)(F)F,14,[H]OC(=O)C(F)(F)C(F)(F)C(F)(F)[C](F)F,F[C](F)C(F)(F)F,87.07838835004054
[H]OC(=O)C(F)(F)C(F)(F)C(F)(F)C(F)(F)C(F)(F)C(F)(F)F,15,[H]OC(=O)C(F)(F)C(F)(F)C(F)(F)C(F)(F)[C](F)C(F)(F)F,[F],115.56517527501967
[H]OC(=O)C(F)(F)C(F)(F)C(F)(F)C(F)(F)C(F)(F)C(F)(F)F,17,[H]OC(=O)C(F)(F)C(F)(F)C(F)(F)C(F)(F)[C](F)F,F[C](F)F,92.0767646998894
[H]OC(=O)C(F)(F)C(F)(F)C(F)(F)C(F)(F)C(F)(F)C(F)(F)F,18,[H]OC(=O)C(F)(F)C(F)(F)C(F)(F)C(F)(F)C(F)(F)[C](F)F,[F],124.65155724998056
[H]OC(=O)C(F)(F)C(F)(F)C(F)(F)C(F)(F)C(F)(F)C(F)(F)F,21,[O]C(=O)C(F)(F)C(F)(F)C(F)(F)C(F)(F)C(F)(F)C(F)(F)F,[H],119.80175407506977
[H]OC(=O)C([H])([H])C(F)(F)C(F)(F)C(F)(F)C(F)(F)F,0,[H][O],[H]C([H])([C]=O)C(F)(F)C(F)(F)C(F)(F)C(F)(F)F,113.29553915006784
[H]OC(=O)C([H])([H])C(F)(F)C(F)(F)C(F)(F)C(F)(F)F,2,[H]O[C]=O,[H][C]([H])C(F)(F)C(F)(F)C(F)(F)C(F)(F)F,97.24718272488815
[H]OC(=O)C([H])([H])C(F)(F)C(F)(F)C(F)(F)C(F)(F)F,3,[H]OC(=O)[C]([H])[H],F[C](F)C(F)(F)C(F)(F)C(F)(F)F,91.76406262501473
[H]OC(=O)C([H])([H])C(F)(F)C(F)(F)C(F)(F)C(F)(F)F,4,[H]OC(=O)C([H])([H])[C](F)C(F)(F)C(F)(F)C(F)(F)F,[F],115.81163217491962
[H]OC(=O)C([H])([H])C(F)(F)C(F)(F)C(F)(F)C(F)(F)F,6,[H]OC(=O)C([H])([H])[C](F)F,F[C](F)C(F)(F)C(F)(F)F,89.76226859994881
[H]OC(=O)C([H])([H])C(F)(F)C(F)(F)C(F)(F)C(F)(F)F,7,[H]OC(=O)C([H])([H])C(F)(F)[C](F)C(F)(F)C(F)(F)F,[F],114.57198709993122
[H]OC(=O)C([H])([H])C(F)(F)C(F)(F)C(F)(F)C(F)(F)F,9,[H]OC(=O)C([H])([H])C(F)(F)[C](F)F,F[C](F)C(F)(F)F,88.08848137512769
[H]OC(=O)C([H])([H])C(F)(F)C(F)(F)C(F)(F)C(F)(F)F,10,[H]OC(=O)C([H])([H])C(F)(F)C(F)(F)[C](F)C(F)(F)F,[F],115.45150992502272
[H]OC(=O)C([H])([H])C(F)(F)C(F)(F)C(F)(F)C(F)(F)F,12,[H]OC(=O)C([H])([H])C(F)(F)C(F)(F)[C](F)F,F[C](F)F,92.04034459996137
[H]OC(=O)C([H])([H])C(F)(F)C(F)(F)C(F)(F)C(F)(F)F,13,[H]OC(=O)C([H])([H])C(F)(F)C(F)(F)C(F)(F)[C](F)F,[F],124.66302794994874
[H]OC(=O)C([H])([H])C(F)(F)C(F)(F)C(F)(F)C(F)(F)F,16,[H]C([H])(C([O])=O)C(F)(F)C(F)(F)C(F)(F)C(F)(F)F,[H],117.68609389999028
[H]OC(=O)C([H])([H])C(F)(F)C(F)(F)C(F)(F)C(F)(F)F,17,[H]OC(=O)[C]([H])C(F)(F)C(F)(F)C(F)(F)C(F)(F)F,[H],105.83128232510774
[H]OS(=O)(=O)C([H])([H])C(F)(F)C(F)(F)C(F)(F)C(F)(F)F,0,[H][O],[H]C([H])([S](=O)=O)C(F)(F)C(F)(F)C(F)(F)C(F)(F)F,92.54425220006453
[H]OS(=O)(=O)C([H])([H])C(F)(F)C(F)(F)C(F)(F)C(F)(F)F,3,[H]O[S](=O)=O,[H][C]([H])C(F)(F)C(F)(F)C(F)(F)C(F)(F)F,76.8825926498181
[H]OS(=O)(=O)C([H])([H])C(F)(F)C(F)(F)C(F)(F)C(F)(F)F,4,[H]OS(=O)(=O)[C]([H])[H],F[C](F)C(F)(F)C(F)(F)C(F)(F)F,96.33453417498515
[H]OS(=O)(=O)C([H])([H])C(F)(F)C(F)(F)C(F)(F)C(F)(F)F,5,[H]OS(=O)(=O)C([H])([H])[C](F)C(F)(F)C(F)(F)C(F)(F)F,[F],114.70173527491681
[H]OS(=O)(=O)C([H])([H])C(F)(F)C(F)(F)C(F)(F)C(F)(F)F,7,[H]OS(=O)(=O)C([H])([H])[C](F)F,F[C](F)C(F)(F)C(F)(F)F,89.3041433999241
[H]OS(=O)(=O)C([H])([H])C(F)(F)C(F)(F)C(F)(F)C(F)(F)F,8,[H]OS(=O)(=O)C([H])([H])C(F)(F)[C](F)C(F)(F)C(F)(F)F,[F],116.50718454988635
[H]OS(=O)(=O)C([H])([H])C(F)(F)C(F)(F)C(F)(F)C(F)(F)F,10,[H]OS(=O)(=O)C([H])([H])C(F)(F)[C](F)F,F[C](F)C(F)(F)F,88.20120547509134
[H]OS(=O)(=O)C([H])([H])C(F)(F)C(F)(F)C(F)(F)C(F)(F)F,11,[H]OS(=O)(=O)C([H])([H])C(F)(F)C(F)(F)[C](F)C(F)(F)F,[F],115.49971447488247
[H]OS(=O)(=O)C([H])([H])C(F)(F)C(F)(F)C(F)(F)C(F)(F)F,13,[H]OS(=O)(=O)C([H])([H])C(F)(F)C(F)(F)[C](F)F,F[C](F)F,91.83274877485701
[H]OS(=O)(=O)C([H])([H])C(F)(F)C(F)(F)C(F)(F)C(F)(F)F,14,[H]OS(=O)(=O)C([H])([H])C(F)(F)C(F)(F)C(F)(F)[C](F)F,[F],126.34125787486994
[H]OS(=O)(=O)C([H])([H])C(F)(F)C(F)(F)C(F)(F)C(F)(F)F,17,[H]C([H])(C(F)(F)C(F)(F)C(F)(F)C(F)(F)F)S([O])(=O)=O,[H],115.61743975003253
[H]OS(=O)(=O)C([H])([H])C(F)(F)C(F)(F)C(F)(F)C(F)(F)F,18,[H]OS(=O)(=O)[C]([H])C(F)(F)C(F)(F)C(F)(F)C(F)(F)F,[H],110.16590172503015
[H]OC(=O)C([H])([H])C(F)(F)C(F)(F)C(F)(F)C(F)(F)C(F)(F)C(F)(F)F,0,[H][O],[H]C([H])([C]=O)C(F)(F)C(F)(F)C(F)(F)C(F)(F)C(F)(F)C(F)(F)F,113.80981932505279
[H]OC(=O)C([H])([H])C(F)(F)C(F)(F)C(F)(F)C(F)(F)C(F)(F)C(F)(F)F,2,[H]O[C]=O,[H][C]([H])C(F)(F)C(F)(F)C(F)(F)C(F)(F)C(F)(F)C(F)(F)F,97.1348100249179
[H]OC(=O)C([H])([H])C(F)(F)C(F)(F)C(F)(F)C(F)(F)C(F)(F)C(F)(F)F,3,[H]OC(=O)[C]([H])[H],F[C](F)C(F)(F)C(F)(F)C(F)(F)C(F)(F)C(F)(F)F,91.6555678749819
[H]OC(=O)C([H])([H])C(F)(F)C(F)(F)C(F)(F)C(F)(F)C(F)(F)C(F)(F)F,4,[H]OC(=O)C([H])([H])[C](F)C(F)(F)C(F)(F)C(F)(F)C(F)(F)C(F)(F)F,[F],115.68200950003359
[H]OC(=O)C([H])([H])C(F)(F)C(F)(F)C(F)(F)C(F)(F)C(F)(F)C(F)(F)F,6,[H]OC(=O)C([H])([H])[C](F)F,F[C](F)C(F)(F)C(F)(F)C(F)(F)C(F)(F)F,90.04446790009524
[H]OC(=O)C([H])([H])C(F)(F)C(F)(F)C(F)(F)C(F)(F)C(F)(F)C(F)(F)F,7,[H]OC(=O)C([H])([H])C(F)(F)[C](F)C(F)(F)C(F)(F)C(F)(F)C(F)(F)F,[F],114.55590427494258
[H]OC(=O)C([H])([H])C(F)(F)C(F)(F)C(F)(F)C(F)(F)C(F)(F)C(F)(F)F,9,[H]OC(=O)C([H])([H])C(F)(F)[C](F)F,F[C](F)C(F)(F)C(F)(F)C(F)(F)F,87.13027005010645
[H]OC(=O)C([H])([H])C(F)(F)C(F)(F)C(F)(F)C(F)(F)C(F)(F)C(F)(F)F,10,[H]OC(=O)C([H])([H])C(F)(F)C(F)(F)[C](F)C(F)(F)C(F)(F)C(F)(F)F,[F],114.2075664749774
[H]OC(=O)C([H])([H])C(F)(F)C(F)(F)C(F)(F)C(F)(F)C(F)(F)C(F)(F)F,12,[H]OC(=O)C([H])([H])C(F)(F)C(F)(F)[C](F)F,F[C](F)C(F)(F)C(F)(F)F,85.92250825008534
[H]OC(=O)C([H])([H])C(F)(F)C(F)(F)C(F)(F)C(F)(F)C(F)(F)C(F)(F)F,13,[H]OC(=O)C([H])([H])C(F)(F)C(F)(F)C(F)(F)[C](F)C(F)(F)C(F)(F)F,[F],113.41399232493927
[H]OC(=O)C([H])([H])C(F)(F)C(F)(F)C(F)(F)C(F)(F)C(F)(F)C(F)(F)F,15,[H]OC(=O)C([H])([H])C(F)(F)C(F)(F)C(F)(F)[C](F)F,F[C](F)C(F)(F)F,87.19709252511109
[H]OC(=O)C([H])([H])C(F)(F)C(F)(F)C(F)(F)C(F)(F)C(F)(F)C(F)(F)F,16,[H]OC(=O)C([H])([H])C(F)(F)C(F)(F)C(F)(F)C(F)(F)[C](F)C(F)(F)F,[F],116.02153092492472
[H]OC(=O)C([H])([H])C(F)(F)C(F)(F)C(F)(F)C(F)(F)C(F)(F)C(F)(F)F,18,[H]OC(=O)C([H])([H])C(F)(F)C(F)(F)C(F)(F)C(F)(F)[C](F)F,F[C](F)F,92.00917039991452
[H]OC(=O)C([H])([H])C(F)(F)C(F)(F)C(F)(F)C(F)(F)C(F)(F)C(F)(F)F,19,[H]OC(=O)C([H])([H])C(F)(F)C(F)(F)C(F)(F)C(F)(F)C(F)(F)[C](F)F,[F],124.62459357492094
[H]OC(=O)C([H])([H])C(F)(F)C(F)(F)C(F)(F)C(F)(F)C(F)(F)C(F)(F)F,22,[H]C([H])(C([O])=O)C(F)(F)C(F)(F)C(F)(F)C(F)(F)C(F)(F)C(F)(F)F,[H],117.82784615015316
[H]OC(=O)C([H])([H])C(F)(F)C(F)(F)C(F)(F)C(F)(F)C(F)(F)C(F)(F)F,23,[H]OC(=O)[C]([H])C(F)(F)C(F)(F)C(F)(F)C(F)(F)C(F)(F)C(F)(F)F,[H],105.73091370002942
[H]OS(=O)(=O)C([H])([H])C(F)(F)C(F)(F)C(F)(F)C(F)(F)C(F)(F)C(F)(F)F,0,[H][O],[H]C([H])([S](=O)=O)C(F)(F)C(F)(F)C(F)(F)C(F)(F)C(F)(F)C(F)(F)F,93.83944985024868
[H]OS(=O)(=O)C([H])([H])C(F)(F)C(F)(F)C(F)(F)C(F)(F)C(F)(F)C(F)(F)F,3,[H]O[S](=O)=O,[H][C]([H])C(F)(F)C(F)(F)C(F)(F)C(F)(F)C(F)(F)C(F)(F)F,75.99086494996072
[H]OS(=O)(=O)C([H])([H])C(F)(F)C(F)(F)C(F)(F)C(F)(F)C(F)(F)C(F)(F)F,4,[H]OS(=O)(=O)[C]([H])[H],F[C](F)C(F)(F)C(F)(F)C(F)(F)C(F)(F)C(F)(F)F,95.44668442492252
[H]OS(=O)(=O)C([H])([H])C(F)(F)C(F)(F)C(F)(F)C(F)(F)C(F)(F)C(F)(F)F,5,[H]OS(=O)(=O)C([H])([H])[C](F)C(F)(F)C(F)(F)C(F)(F)C(F)(F)C(F)(F)F,[F],114.64443197525839
[H]OS(=O)(=O)C([H])([H])C(F)(F)C(F)(F)C(F)(F)C(F)(F)C(F)(F)C(F)(F)F,7,[H]OS(=O)(=O)C([H])([H])[C](F)F,F[C](F)C(F)(F)C(F)(F)C(F)(F)C(F)(F)F,88.80698770004074
[H]OS(=O)(=O)C([H])([H])C(F)(F)C(F)(F)C(F)(F)C(F)(F)C(F)(F)C(F)(F)F,8,[H]OS(=O)(=O)C([H])([H])C(F)(F)[C](F)C(F)(F)C(F)(F)C(F)(F)C(F)(F)F,[F],115.34234375024198
[H]OS(=O)(=O)C([H])([H])C(F)(F)C(F)(F)C(F)(F)C(F)(F)C(F)(F)C(F)(F)F,10,[H]OS(=O)(=O)C([H])([H])C(F)(F)[C](F)F,F[C](F)C(F)(F)C(F)(F)C(F)(F)F,86.46363915032566
[H]OS(=O)(=O)C([H])([H])C(F)(F)C(F)(F)C(F)(F)C(F)(F)C(F)(F)C(F)(F)F,11,[H]OS(=O)(=O)C([H])([H])C(F)(F)C(F)(F)[C](F)C(F)(F)C(F)(F)C(F)(F)F,[F],112.74065345033023
[H]OS(=O)(=O)C([H])([H])C(F)(F)C(F)(F)C(F)(F)C(F)(F)C(F)(F)C(F)(F)F,13,[H]OS(=O)(=O)C([H])([H])C(F)(F)C(F)(F)[C](F)F,F[C](F)C(F)(F)C(F)(F)F,84.93555742495118
[H]OS(=O)(=O)C([H])([H])C(F)(F)C(F)(F)C(F)(F)C(F)(F)C(F)(F)C(F)(F)F,14,[H]OS(=O)(=O)C([H])([H])C(F)(F)C(F)(F)C(F)(F)[C](F)C(F)(F)C(F)(F)F,[F],114.5782997502306
[H]OS(=O)(=O)C([H])([H])C(F)(F)C(F)(F)C(F)(F)C(F)(F)C(F)(F)C(F)(F)F,16,[H]OS(=O)(=O)C([H])([H])C(F)(F)C(F)(F)C(F)(F)[C](F)F,F[C](F)C(F)(F)F,88.09596745000249
[H]OS(=O)(=O)C([H])([H])C(F)(F)C(F)(F)C(F)(F)C(F)(F)C(F)(F)C(F)(F)F,17,[H]OS(=O)(=O)C([H])([H])C(F)(F)C(F)(F)C(F)(F)C(F)(F)[C](F)C(F)(F)F,[F],115.47856145015203
[H]OS(=O)(=O)C([H])([H])C(F)(F)C(F)(F)C(F)(F)C(F)(F)C(F)(F)C(F)(F)F,19,[H]OS(=O)(=O)C([H])([H])C(F)(F)C(F)(F)C(F)(F)C(F)(F)[C](F)F,F[C](F)F,91.79352375005806
[H]OS(=O)(=O)C([H])([H])C(F)(F)C(F)(F)C(F)(F)C(F)(F)C(F)(F)C(F)(F)F,20,[H]OS(=O)(=O)C([H])([H])C(F)(F)C(F)(F)C(F)(F)C(F)(F)C(F)(F)[C](F)F,[F],124.70137447533489
[H]OS(=O)(=O)C([H])([H])C(F)(F)C(F)(F)C(F)(F)C(F)(F)C(F)(F)C(F)(F)F,23,[H]C([H])(C(F)(F)C(F)(F)C(F)(F)C(F)(F)C(F)(F)C(F)(F)F)S([O])(=O)=O,[H],114.99297057495482
[H]OS(=O)(=O)C([H])([H])C(F)(F)C(F)(F)C(F)(F)C(F)(F)C(F)(F)C(F)(F)F,24,[H]OS(=O)(=O)[C]([H])C(F)(F)C(F)(F)C(F)(F)C(F)(F)C(F)(F)C(F)(F)F,[H],109.42593489992873
[H]OS(=O)(=O)C([H])([H])C([H])([H])C(F)(F)C(F)(F)C(F)(F)C(F)(F)F,0,[H][O],[H]C([H])([S](=O)=O)C([H])([H])C(F)(F)C(F)(F)C(F)(F)C(F)(F)F,92.33222622515541
[H]OS(=O)(=O)C([H])([H])C([H])([H])C(F)(F)C(F)(F)C(F)(F)C(F)(F)F,3,[H]O[S](=O)=O,[H][C]([H])C([H])([H])C(F)(F)C(F)(F)C(F)(F)C(F)(F)F,80.80642545003002
[H]OS(=O)(=O)C([H])([H])C([H])([H])C(F)(F)C(F)(F)C(F)(F)C(F)(F)F,4,[H]OS(=O)(=O)[C]([H])[H],[H][C]([H])C(F)(F)C(F)(F)C(F)(F)C(F)(F)F,100.29174997499865
[H]OS(=O)(=O)C([H])([H])C([H])([H])C(F)(F)C(F)(F)C(F)(F)C(F)(F)F,5,[H]OS(=O)(=O)C([H])([H])[C]([H])[H],F[C](F)C(F)(F)C(F)(F)C(F)(F)F,98.85102880015552
[H]OS(=O)(=O)C([H])([H])C([H])([H])C(F)(F)C(F)(F)C(F)(F)C(F)(F)F,6,[H]OS(=O)(=O)C([H])([H])C([H])([H])[C](F)C(F)(F)C(F)(F)C(F)(F)F,[F],117.60121197506976
[H]OS(=O)(=O)C([H])([H])C([H])([H])C(F)(F)C(F)(F)C(F)(F)C(F)(F)F,8,[H]OS(=O)(=O)C([H])([H])C([H])([H])[C](F)F,F[C](F)C(F)(F)C(F)(F)F,90.62628589993892
[H]OS(=O)(=O)C([H])([H])C([H])([H])C(F)(F)C(F)(F)C(F)(F)C(F)(F)F,9,[H]OS(=O)(=O)C([H])([H])C([H])([H])C(F)(F)[C](F)C(F)(F)C(F)(F)F,[F],116.6071452999978
[H]OS(=O)(=O)C([H])([H])C([H])([H])C(F)(F)C(F)(F)C(F)(F)C(F)(F)F,11,[H]OS(=O)(=O)C([H])([H])C([H])([H])C(F)(F)[C](F)F,F[C](F)C(F)(F)F,89.1008208501421
[H]OS(=O)(=O)C([H])([H])C([H])([H])C(F)(F)C(F)(F)C(F)(F)C(F)(F)F,12,[H]OS(=O)(=O)C([H])([H])C([H])([H])C(F)(F)C(F)(F)[C](F)C(F)(F)F,[F],115.31197274997623
[H]OS(=O)(=O)C([H])([H])C([H])([H])C(F)(F)C(F)(F)C(F)(F)C(F)(F)F,14,[H]OS(=O)(=O)C([H])([H])C([H])([H])C(F)(F)C(F)(F)[C](F)F,F[C](F)F,91.82863864994943
[H]OS(=O)(=O)C([H])([H])C([H])([H])C(F)(F)C(F)(F)C(F)(F)C(F)(F)F,15,[H]OS(=O)(=O)C([H])([H])C([H])([H])C(F)(F)C(F)(F)C(F)(F)[C](F)F,[F],124.8602637500386
[H]OS(=O)(=O)C([H])([H])C([H])([H])C(F)(F)C(F)(F)C(F)(F)C(F)(F)F,18,[H]C([H])(C(F)(F)C(F)(F)C(F)(F)C(F)(F)F)C([H])([H])S([O])(=O)=O,[H],113.81209087514264
[H]OS(=O)(=O)C([H])([H])C([H])([H])C(F)(F)C(F)(F)C(F)(F)C(F)(F)F,19,[H]OS(=O)(=O)[C]([H])C([H])([H])C(F)(F)C(F)(F)C(F)(F)C(F)(F)F,[H],107.13814520005769
[H]OS(=O)(=O)C([H])([H])C([H])([H])C(F)(F)C(F)(F)C(F)(F)C(F)(F)F,21,[H]OS(=O)(=O)C([H])([H])[C]([H])C(F)(F)C(F)(F)C(F)(F)C(F)(F)F,[H],108.39991592519141
[H]OC(=O)C([H])([H])C([H])([H])C(F)(F)C(F)(F)C(F)(F)C(F)(F)F,0,[H][O],[H]C([H])([C]=O)C([H])([H])C(F)(F)C(F)(F)C(F)(F)C(F)(F)F,113.86077232509535
[H]OC(=O)C([H])([H])C([H])([H])C(F)(F)C(F)(F)C(F)(F)C(F)(F)F,2,[H]O[C]=O,[H][C]([H])C([H])([H])C(F)(F)C(F)(F)C(F)(F)C(F)(F)F,100.03717950001146
[H]OC(=O)C([H])([H])C([H])([H])C(F)(F)C(F)(F)C(F)(F)C(F)(F)F,3,[H]OC(=O)[C]([H])[H],[H][C]([H])C(F)(F)C(F)(F)C(F)(F)C(F)(F)F,94.58744239993962
[H]OC(=O)C([H])([H])C([H])([H])C(F)(F)C(F)(F)C(F)(F)C(F)(F)F,4,[H]OC(=O)C([H])([H])[C]([H])[H],F[C](F)C(F)(F)C(F)(F)C(F)(F)F,101.11420795005017
[H]OC(=O)C([H])([H])C([H])([H])C(F)(F)C(F)(F)C(F)(F)C(F)(F)F,5,[H]OC(=O)C([H])([H])C([H])([H])[C](F)C(F)(F)C(F)(F)C(F)(F)F,[F],117.94771119993186
[H]OC(=O)C([H])([H])C([H])([H])C(F)(F)C(F)(F)C(F)(F)C(F)(F)F,7,[H]OC(=O)C([H])([H])C([H])([H])[C](F)F,F[C](F)C(F)(F)C(F)(F)F,91.1821818749786
[H]OC(=O)C([H])([H])C([H])([H])C(F)(F)C(F)(F)C(F)(F)C(F)(F)F,8,[H]OC(=O)C([H])([H])C([H])([H])C(F)(F)[C](F)C(F)(F)C(F)(F)F,[F],116.61189547498509
[H]OC(=O)C([H])([H])C([H])([H])C(F)(F)C(F)(F)C(F)(F)C(F)(F)F,10,[H]OC(=O)C([H])([H])C([H])([H])C(F)(F)[C](F)F,F[C](F)C(F)(F)F,89.38298877504963
[H]OC(=O)C([H])([H])C([H])([H])C(F)(F)C(F)(F)C(F)(F)C(F)(F)F,11,[H]OC(=O)C([H])([H])C([H])([H])C(F)(F)C(F)(F)[C](F)C(F)(F)F,[F],115.4132010499518
[H]OC(=O)C([H])([H])C([H])([H])C(F)(F)C(F)(F)C(F)(F)C(F)(F)F,13,[H]OC(=O)C([H])([H])C([H])([H])C(F)(F)C(F)(F)[C](F)F,F[C](F)F,91.97493400000667
[H]OC(=O)C([H])([H])C([H])([H])C(F)(F)C(F)(F)C(F)(F)C(F)(F)F,14,[H]OC(=O)C([H])([H])C([H])([H])C(F)(F)C(F)(F)C(F)(F)[C](F)F,[F],124.60664080001834
[H]OC(=O)C([H])([H])C([H])([H])C(F)(F)C(F)(F)C(F)(F)C(F)(F)F,17,[H]C([H])(C([O])=O)C([H])([H])C(F)(F)C(F)(F)C(F)(F)C(F)(F)F,[H],103.30954807513251
[H]OC(=O)C([H])([H])C([H])([H])C(F)(F)C(F)(F)C(F)(F)C(F)(F)F,18,[H]OC(=O)[C]([H])C([H])([H])C(F)(F)C(F)(F)C(F)(F)C(F)(F)F,[H],101.2519128250699
[H]OC(=O)C([H])([H])C([H])([H])C(F)(F)C(F)(F)C(F)(F)C(F)(F)F,20,[H]OC(=O)C([H])([H])[C]([H])C(F)(F)C(F)(F)C(F)(F)C(F)(F)F,[H],107.8481928251091
[H]OS(=O)(=O)C([H])([H])C([H])([H])C(F)(F)C(F)(F)C(F)(F)C(F)(F)C(F)(F)C(F)(F)F,0,[H][O],[H]C([H])([S](=O)=O)C([H])([H])C(F)(F)C(F)(F)C(F)(F)C(F)(F)C(F)(F)C(F)(F)F,92.43776545005517
[H]OS(=O)(=O)C([H])([H])C([H])([H])C(F)(F)C(F)(F)C(F)(F)C(F)(F)C(F)(F)C(F)(F)F,3,[H]O[S](=O)=O,[H][C]([H])C([H])([H])C(F)(F)C(F)(F)C(F)(F)C(F)(F)C(F)(F)C(F)(F)F,80.8134471749645
[H]OS(=O)(=O)C([H])([H])C([H])([H])C(F)(F)C(F)(F)C(F)(F)C(F)(F)C(F)(F)C(F)(F)F,4,[H]OS(=O)(=O)[C]([H])[H],[H][C]([H])C(F)(F)C(F)(F)C(F)(F)C(F)(F)C(F)(F)C(F)(F)F,100.27357130005953
[H]OS(=O)(=O)C([H])([H])C([H])([H])C(F)(F)C(F)(F)C(F)(F)C(F)(F)C(F)(F)C(F)(F)F,5,[H]OS(=O)(=O)C([H])([H])[C]([H])[H],F[C](F)C(F)(F)C(F)(F)C(F)(F)C(F)(F)C(F)(F)F,98.83672807486846
[H]OS(=O)(=O)C([H])([H])C([H])([H])C(F)(F)C(F)(F)C(F)(F)C(F)(F)C(F)(F)C(F)(F)F,6,[H]OS(=O)(=O)C([H])([H])C([H])([H])[C](F)C(F)(F)C(F)(F)C(F)(F)C(F)(F)C(F)(F)F,[F],117.80598405021692
[H]OS(=O)(=O)C([H])([H])C([H])([H])C(F)(F)C(F)(F)C(F)(F)C(F)(F)C(F)(F)C(F)(F)F,8,[H]OS(=O)(=O)C([H])([H])C([H])([H])[C](F)F,F[C](F)C(F)(F)C(F)(F)C(F)(F)C(F)(F)F,91.00267922483113
[H]OS(=O)(=O)C([H])([H])C([H])([H])C(F)(F)C(F)(F)C(F)(F)C(F)(F)C(F)(F)C(F)(F)F,9,[H]OS(=O)(=O)C([H])([H])C([H])([H])C(F)(F)[C](F)C(F)(F)C(F)(F)C(F)(F)C(F)(F)F,[F],116.59121307498594
[H]OS(=O)(=O)C([H])([H])C([H])([H])C(F)(F)C(F)(F)C(F)(F)C(F)(F)C(F)(F)C(F)(F)F,11,[H]OS(=O)(=O)C([H])([H])C([H])([H])C(F)(F)[C](F)F,F[C](F)C(F)(F)C(F)(F)C(F)(F)F,88.23680355015199
[H]OS(=O)(=O)C([H])([H])C([H])([H])C(F)(F)C(F)(F)C(F)(F)C(F)(F)C(F)(F)C(F)(F)F,12,[H]OS(=O)(=O)C([H])([H])C([H])([H])C(F)(F)C(F)(F)[C](F)C(F)(F)C(F)(F)C(F)(F)F,[F],113.52569360001894
[H]OS(=O)(=O)C([H])([H])C([H])([H])C(F)(F)C(F)(F)C(F)(F)C(F)(F)C(F)(F)C(F)(F)F,14,[H]OS(=O)(=O)C([H])([H])C([H])([H])C(F)(F)C(F)(F)[C](F)F,F[C](F)C(F)(F)C(F)(F)F,85.80499632496185
[H]OS(=O)(=O)C([H])([H])C([H])([H])C(F)(F)C(F)(F)C(F)(F)C(F)(F)C(F)(F)C(F)(F)F,15,[H]OS(=O)(=O)C([H])([H])C([H])([H])C(F)(F)C(F)(F)C(F)(F)[C](F)C(F)(F)C(F)(F)F,[F],114.34843395022313
[H]OS(=O)(=O)C([H])([H])C([H])([H])C(F)(F)C(F)(F)C(F)(F)C(F)(F)C(F)(F)C(F)(F)F,17,[H]OS(=O)(=O)C([H])([H])C([H])([H])C(F)(F)C(F)(F)C(F)(F)[C](F)F,F[C](F)C(F)(F)F,87.4885223500894
[H]OS(=O)(=O)C([H])([H])C([H])([H])C(F)(F)C(F)(F)C(F)(F)C(F)(F)C(F)(F)C(F)(F)F,18,[H]OS(=O)(=O)C([H])([H])C([H])([H])C(F)(F)C(F)(F)C(F)(F)C(F)(F)[C](F)C(F)(F)F,[F],116.18781215007061
[H]OS(=O)(=O)C([H])([H])C([H])([H])C(F)(F)C(F)(F)C(F)(F)C(F)(F)C(F)(F)C(F)(F)F,20,[H]OS(=O)(=O)C([H])([H])C([H])([H])C(F)(F)C(F)(F)C(F)(F)C(F)(F)[C](F)F,F[C](F)F,92.0559505251424
[H]OS(=O)(=O)C([H])([H])C([H])([H])C(F)(F)C(F)(F)C(F)(F)C(F)(F)C(F)(F)C(F)(F)F,21,[H]OS(=O)(=O)C([H])([H])C([H])([H])C(F)(F)C(F)(F)C(F)(F)C(F)(F)C(F)(F)[C](F)F,[F],124.70315657503647
[H]OS(=O)(=O)C([H])([H])C([H])([H])C(F)(F)C(F)(F)C(F)(F)C(F)(F)C(F)(F)C(F)(F)F,24,[H]C([H])(C(F)(F)C(F)(F)C(F)(F)C(F)(F)C(F)(F)C(F)(F)F)C([H])([H])S([O])(=O)=O,[H],113.82696889988893
[H]OS(=O)(=O)C([H])([H])C([H])([H])C(F)(F)C(F)(F)C(F)(F)C(F)(F)C(F)(F)C(F)(F)F,25,[H]OS(=O)(=O)[C]([H])C([H])([H])C(F)(F)C(F)(F)C(F)(F)C(F)(F)C(F)(F)C(F)(F)F,[H],107.01770912475467
[H]OS(=O)(=O)C([H])([H])C([H])([H])C(F)(F)C(F)(F)C(F)(F)C(F)(F)C(F)(F)C(F)(F)F,27,[H]OS(=O)(=O)C([H])([H])[C]([H])C(F)(F)C(F)(F)C(F)(F)C(F)(F)C(F)(F)C(F)(F)F,[H],108.01902969987395
[H]OC(=O)C([H])([H])C([H])([H])C(F)(F)C(F)(F)C(F)(F)C(F)(F)C(F)(F)C(F)(F)F,0,[H][O],[H]C([H])([C]=O)C([H])([H])C(F)(F)C(F)(F)C(F)(F)C(F)(F)C(F)(F)C(F)(F)F,114.75933977495686
[H]OC(=O)C([H])([H])C([H])([H])C(F)(F)C(F)(F)C(F)(F)C(F)(F)C(F)(F)C(F)(F)F,2,[H]O[C]=O,[H][C]([H])C([H])([H])C(F)(F)C(F)(F)C(F)(F)C(F)(F)C(F)(F)C(F)(F)F,99.72347969998737
[H]OC(=O)C([H])([H])C([H])([H])C(F)(F)C(F)(F)C(F)(F)C(F)(F)C(F)(F)C(F)(F)F,3,[H]OC(=O)[C]([H])[H],[H][C]([H])C(F)(F)C(F)(F)C(F)(F)C(F)(F)C(F)(F)C(F)(F)F,94.24854219989925
[H]OC(=O)C([H])([H])C([H])([H])C(F)(F)C(F)(F)C(F)(F)C(F)(F)C(F)(F)C(F)(F)F,4,[H]OC(=O)C([H])([H])[C]([H])[H],F[C](F)C(F)(F)C(F)(F)C(F)(F)C(F)(F)C(F)(F)F,100.77918569994722
[H]OC(=O)C([H])([H])C([H])([H])C(F)(F)C(F)(F)C(F)(F)C(F)(F)C(F)(F)C(F)(F)F,5,[H]OC(=O)C([H])([H])C([H])([H])[C](F)C(F)(F)C(F)(F)C(F)(F)C(F)(F)C(F)(F)F,[F],118.14823509991925
[H]OC(=O)C([H])([H])C([H])([H])C(F)(F)C(F)(F)C(F)(F)C(F)(F)C(F)(F)C(F)(F)F,7,[H]OC(=O)C([H])([H])C([H])([H])[C](F)F,F[C](F)C(F)(F)C(F)(F)C(F)(F)C(F)(F)F,91.23785367505491
[H]OC(=O)C([H])([H])C([H])([H])C(F)(F)C(F)(F)C(F)(F)C(F)(F)C(F)(F)C(F)(F)F,8,[H]OC(=O)C([H])([H])C([H])([H])C(F)(F)[C](F)C(F)(F)C(F)(F)C(F)(F)C(F)(F)F,[F],115.98300242489358
[H]OC(=O)C([H])([H])C([H])([H])C(F)(F)C(F)(F)C(F)(F)C(F)(F)C(F)(F)C(F)(F)F,10,[H]OC(=O)C([H])([H])C([H])([H])C(F)(F)[C](F)F,F[C](F)C(F)(F)C(F)(F)C(F)(F)F,88.19824994995827
[H]OC(=O)C([H])([H])C([H])([H])C(F)(F)C(F)(F)C(F)(F)C(F)(F)C(F)(F)C(F)(F)F,11,[H]OC(=O)C([H])([H])C([H])([H])C(F)(F)C(F)(F)[C](F)C(F)(F)C(F)(F)C(F)(F)F,[F],114.31366417496349
[H]OC(=O)C([H])([H])C([H])([H])C(F)(F)C(F)(F)C(F)(F)C(F)(F)C(F)(F)C(F)(F)F,13,[H]OC(=O)C([H])([H])C([H])([H])C(F)(F)C(F)(F)[C](F)F,F[C](F)C(F)(F)C(F)(F)F,85.63057014991784
[H]OC(=O)C([H])([H])C([H])([H])C(F)(F)C(F)(F)C(F)(F)C(F)(F)C(F)(F)C(F)(F)F,14,[H]OC(=O)C([H])([H])C([H])([H])C(F)(F)C(F)(F)C(F)(F)[C](F)C(F)(F)C(F)(F)F,[F],114.29805824992513
[H]OC(=O)C([H])([H])C([H])([H])C(F)(F)C(F)(F)C(F)(F)C(F)(F)C(F)(F)C(F)(F)F,16,[H]OC(=O)C([H])([H])C([H])([H])C(F)(F)C(F)(F)C(F)(F)[C](F)F,F[C](F)C(F)(F)F,86.91417787511057
[H]OC(=O)C([H])([H])C([H])([H])C(F)(F)C(F)(F)C(F)(F)C(F)(F)C(F)(F)C(F)(F)F,17,[H]OC(=O)C([H])([H])C([H])([H])C(F)(F)C(F)(F)C(F)(F)C(F)(F)[C](F)C(F)(F)F,[F],115.41097969990176
[H]OC(=O)C([H])([H])C([H])([H])C(F)(F)C(F)(F)C(F)(F)C(F)(F)C(F)(F)C(F)(F)F,19,[H]OC(=O)C([H])([H])C([H])([H])C(F)(F)C(F)(F)C(F)(F)C(F)(F)[C](F)F,F[C](F)F,92.00939629995105
[H]OC(=O)C([H])([H])C([H])([H])C(F)(F)C(F)(F)C(F)(F)C(F)(F)C(F)(F)C(F)(F)F,20,[H]OC(=O)C([H])([H])C([H])([H])C(F)(F)C(F)(F)C(F)(F)C(F)(F)C(F)(F)[C](F)F,[F],124.79148974998395
[H]OC(=O)C([H])([H])C([H])([H])C(F)(F)C(F)(F)C(F)(F)C(F)(F)C(F)(F)C(F)(F)F,23,[H]C([H])(C([O])=O)C([H])([H])C(F)(F)C(F)(F)C(F)(F)C(F)(F)C(F)(F)C(F)(F)F,[H],117.01454340001646
[H]OC(=O)C([H])([H])C([H])([H])C(F)(F)C(F)(F)C(F)(F)C(F)(F)C(F)(F)C(F)(F)F,24,[H]OC(=O)[C]([H])C([H])([H])C(F)(F)C(F)(F)C(F)(F)C(F)(F)C(F)(F)C(F)(F)F,[H],101.45654057503123
[H]OC(=O)C([H])([H])C([H])([H])C(F)(F)C(F)(F)C(F)(F)C(F)(F)C(F)(F)C(F)(F)F,26,[H]OC(=O)C([H])([H])[C]([H])C(F)(F)C(F)(F)C(F)(F)C(F)(F)C(F)(F)C(F)(F)F,[H],108.0850489750975
[H]OC(=O)C(F)(OC(F)(F)C(F)(F)C(F)(F)F)C(F)(F)F,0,[H][O],O=[C]C(F)(OC(F)(F)C(F)(F)C(F)(F)F)C(F)(F)F,113.91061465004157
[H]OC(=O)C(F)(OC(F)(F)C(F)(F)C(F)(F)F)C(F)(F)F,2,[H]O[C]=O,F[C](OC(F)(F)C(F)(F)C(F)(F)F)C(F)(F)F,88.3730965499791
[H]OC(=O)C(F)(OC(F)(F)C(F)(F)C(F)(F)F)C(F)(F)F,3,[H]OC(=O)[C](OC(F)(F)C(F)(F)C(F)(F)F)C(F)(F)F,[F],108.92275519997497
[H]OC(=O)C(F)(OC(F)(F)C(F)(F)C(F)(F)F)C(F)(F)F,4,[H]OC(=O)[C](F)C(F)(F)F,[O]C(F)(F)C(F)(F)C(F)(F)F,89.10907874998713
[H]OC(=O)C(F)(OC(F)(F)C(F)(F)C(F)(F)F)C(F)(F)F,5,[H]OC(=O)C([O])(F)C(F)(F)F,F[C](F)C(F)(F)C(F)(F)F,94.81159794984023
[H]OC(=O)C(F)(OC(F)(F)C(F)(F)C(F)(F)F)C(F)(F)F,6,[H]OC(=O)C(F)(O[C](F)C(F)(F)C(F)(F)F)C(F)(F)F,[F],121.18461347488278
[H]OC(=O)C(F)(OC(F)(F)C(F)(F)C(F)(F)F)C(F)(F)F,8,[H]OC(=O)C(F)(O[C](F)F)C(F)(F)F,F[C](F)C(F)(F)F,94.0796317500218
[H]OC(=O)C(F)(OC(F)(F)C(F)(F)C(F)(F)F)C(F)(F)F,9,[H]OC(=O)C(F)(OC(F)(F)[C](F)C(F)(F)F)C(F)(F)F,[F],118.47159839990468
[H]OC(=O)C(F)(OC(F)(F)C(F)(F)C(F)(F)F)C(F)(F)F,11,[H]OC(=O)C(F)(OC(F)(F)[C](F)F)C(F)(F)F,F[C](F)F,93.85312307489528
[H]OC(=O)C(F)(OC(F)(F)C(F)(F)C(F)(F)F)C(F)(F)F,12,[H]OC(=O)C(F)(OC(F)(F)C(F)(F)[C](F)F)C(F)(F)F,[F],124.76568694991784
[H]OC(=O)C(F)(OC(F)(F)C(F)(F)C(F)(F)F)C(F)(F)F,15,[H]OC(=O)[C](F)OC(F)(F)C(F)(F)C(F)(F)F,F[C](F)F,86.02696189990866
[H]OC(=O)C(F)(OC(F)(F)C(F)(F)C(F)(F)F)C(F)(F)F,16,[H]OC(=O)C(F)(OC(F)(F)C(F)(F)C(F)(F)F)[C](F)F,[F],125.73327312495678
[H]OC(=O)C(F)(OC(F)(F)C(F)(F)C(F)(F)F)C(F)(F)F,19,[O]C(=O)C(F)(OC(F)(F)C(F)(F)C(F)(F)F)C(F)(F)F,[H],93.89885527507658
[H]OS(=O)(=O)C(F)(OC(F)(F)C(F)(F)C(F)(F)F)C(F)(F)F,0,[H][O],O=[S](=O)C(F)(OC(F)(F)C(F)(F)C(F)(F)F)C(F)(F)F,89.0758338001524
[H]OS(=O)(=O)C(F)(OC(F)(F)C(F)(F)C(F)(F)F)C(F)(F)F,3,[H]O[S](=O)=O,F[C](OC(F)(F)C(F)(F)C(F)(F)F)C(F)(F)F,62.131435600055056
[H]OS(=O)(=O)C(F)(OC(F)(F)C(F)(F)C(F)(F)F)C(F)(F)F,4,[H]OS(=O)(=O)[C](OC(F)(F)C(F)(F)C(F)(F)F)C(F)(F)F,[F],109.86032804996057
[H]OS(=O)(=O)C(F)(OC(F)(F)C(F)(F)C(F)(F)F)C(F)(F)F,5,[H]OS(=O)(=O)[C](F)C(F)(F)F,[O]C(F)(F)C(F)(F)C(F)(F)F,91.85038152514778
[H]OS(=O)(=O)C(F)(OC(F)(F)C(F)(F)C(F)(F)F)C(F)(F)F,6,[H]OS(=O)(=O)C([O])(F)C(F)(F)F,F[C](F)C(F)(F)C(F)(F)F,65.12885877493432
[H]OS(=O)(=O)C(F)(OC(F)(F)C(F)(F)C(F)(F)F)C(F)(F)F,7,[H]OS(=O)(=O)C(F)(O[C](F)C(F)(F)C(F)(F)F)C(F)(F)F,[F],117.8415131000088
[H]OS(=O)(=O)C(F)(OC(F)(F)C(F)(F)C(F)(F)F)C(F)(F)F,9,[H]OS(=O)(=O)C(F)(O[C](F)F)C(F)(F)F,F[C](F)C(F)(F)F,89.67272435011068
[H]OS(=O)(=O)C(F)(OC(F)(F)C(F)(F)C(F)(F)F)C(F)(F)F,10,[H]OS(=O)(=O)C(F)(OC(F)(F)[C](F)C(F)(F)F)C(F)(F)F,[F],118.17073725007788
[H]OS(=O)(=O)C(F)(OC(F)(F)C(F)(F)C(F)(F)F)C(F)(F)F,12,[H]OS(=O)(=O)C(F)(OC(F)(F)[C](F)F)C(F)(F)F,F[C](F)F,94.22624085004259
[H]OS(=O)(=O)C(F)(OC(F)(F)C(F)(F)C(F)(F)F)C(F)(F)F,13,[H]OS(=O)(=O)C(F)(OC(F)(F)C(F)(F)[C](F)F)C(F)(F)F,[F],125.21183317507052
[H]OS(=O)(=O)C(F)(OC(F)(F)C(F)(F)C(F)(F)F)C(F)(F)F,16,[H]OS(=O)(=O)[C](F)OC(F)(F)C(F)(F)C(F)(F)F,F[C](F)F,87.67856072496272
[H]OS(=O)(=O)C(F)(OC(F)(F)C(F)(F)C(F)(F)F)C(F)(F)F,17,[H]OS(=O)(=O)C(F)(OC(F)(F)C(F)(F)C(F)(F)F)[C](F)F,[F],122.68263795009773
[H]OS(=O)(=O)C(F)(OC(F)(F)C(F)(F)C(F)(F)F)C(F)(F)F,20,[O]S(=O)(=O)C(F)(OC(F)(F)C(F)(F)C(F)(F)F)C(F)(F)F,[H],116.19802785018464
[H]OC(=O)C(F)(F)C(F)(F)C(F)(F)C(F)(F)C(F)(F)C(F)(F)C(F)(F)F,0,[H][O],O=[C]C(F)(F)C(F)(F)C(F)(F)C(F)(F)C(F)(F)C(F)(F)C(F)(F)F,113.61091437506559
[H]OC(=O)C(F)(F)C(F)(F)C(F)(F)C(F)(F)C(F)(F)C(F)(F)C(F)(F)F,2,[H]O[C]=O,F[C](F)C(F)(F)C(F)(F)C(F)(F)C(F)(F)C(F)(F)C(F)(F)F,89.24483209995685
[H]OC(=O)C(F)(F)C(F)(F)C(F)(F)C(F)(F)C(F)(F)C(F)(F)C(F)(F)F,3,[H]OC(=O)[C](F)C(F)(F)C(F)(F)C(F)(F)C(F)(F)C(F)(F)C(F)(F)F,[F],108.85496637491713
[H]OC(=O)C(F)(F)C(F)(F)C(F)(F)C(F)(F)C(F)(F)C(F)(F)C(F)(F)F,5,[H]OC(=O)[C](F)F,F[C](F)C(F)(F)C(F)(F)C(F)(F)C(F)(F)C(F)(F)F,82.29745957497869
[H]OC(=O)C(F)(F)C(F)(F)C(F)(F)C(F)(F)C(F)(F)C(F)(F)C(F)(F)F,6,[H]OC(=O)C(F)(F)[C](F)C(F)(F)C(F)(F)C(F)(F)C(F)(F)C(F)(F)F,[F],115.5852176249391
[H]OC(=O)C(F)(F)C(F)(F)C(F)(F)C(F)(F)C(F)(F)C(F)(F)C(F)(F)F,8,[H]OC(=O)C(F)(F)[C](F)F,F[C](F)C(F)(F)C(F)(F)C(F)(F)C(F)(F)F,87.62943375001328
[H]OC(=O)C(F)(F)C(F)(F)C(F)(F)C(F)(F)C(F)(F)C(F)(F)C(F)(F)F,9,[H]OC(=O)C(F)(F)C(F)(F)[C](F)C(F)(F)C(F)(F)C(F)(F)C(F)(F)F,[F],114.16354734994229
[H]OC(=O)C(F)(F)C(F)(F)C(F)(F)C(F)(F)C(F)(F)C(F)(F)C(F)(F)F,11,[H]OC(=O)C(F)(F)C(F)(F)[C](F)F,F[C](F)C(F)(F)C(F)(F)C(F)(F)F,86.6611887000937
[H]OC(=O)C(F)(F)C(F)(F)C(F)(F)C(F)(F)C(F)(F)C(F)(F)C(F)(F)F,12,[H]OC(=O)C(F)(F)C(F)(F)C(F)(F)[C](F)C(F)(F)C(F)(F)C(F)(F)F,[F],113.87805367496469
[H]OC(=O)C(F)(F)C(F)(F)C(F)(F)C(F)(F)C(F)(F)C(F)(F)C(F)(F)F,14,[H]OC(=O)C(F)(F)C(F)(F)C(F)(F)[C](F)F,F[C](F)C(F)(F)C(F)(F)F,86.14225247483944
[H]OC(=O)C(F)(F)C(F)(F)C(F)(F)C(F)(F)C(F)(F)C(F)(F)C(F)(F)F,15,[H]OC(=O)C(F)(F)C(F)(F)C(F)(F)C(F)(F)[C](F)C(F)(F)C(F)(F)F,[F],114.39840804991718
[H]OC(=O)C(F)(F)C(F)(F)C(F)(F)C(F)(F)C(F)(F)C(F)(F)C(F)(F)F,17,[H]OC(=O)C(F)(F)C(F)(F)C(F)(F)C(F)(F)[C](F)F,F[C](F)C(F)(F)F,87.69679587501798
[H]OC(=O)C(F)(F)C(F)(F)C(F)(F)C(F)(F)C(F)(F)C(F)(F)C(F)(F)F,18,[H]OC(=O)C(F)(F)C(F)(F)C(F)(F)C(F)(F)C(F)(F)[C](F)C(F)(F)F,[F],116.0197990249776
[H]OC(=O)C(F)(F)C(F)(F)C(F)(F)C(F)(F)C(F)(F)C(F)(F)C(F)(F)F,20,[H]OC(=O)C(F)(F)C(F)(F)C(F)(F)C(F)(F)C(F)(F)[C](F)F,F[C](F)F,92.3673222999605
[H]OC(=O)C(F)(F)C(F)(F)C(F)(F)C(F)(F)C(F)(F)C(F)(F)C(F)(F)F,21,[H]OC(=O)C(F)(F)C(F)(F)C(F)(F)C(F)(F)C(F)(F)C(F)(F)[C](F)F,[F],125.28664372492017
[H]OC(=O)C(F)(F)C(F)(F)C(F)(F)C(F)(F)C(F)(F)C(F)(F)C(F)(F)F,24,[O]C(=O)C(F)(F)C(F)(F)C(F)(F)C(F)(F)C(F)(F)C(F)(F)C(F)(F)F,[H],120.61468032505047
[H]OS(=O)(=O)C(F)(F)C(F)(F)C(F)(F)C(F)(F)C(F)(F)C(F)(F)C(F)(F)F,0,[H][O],O=[S](=O)C(F)(F)C(F)(F)C(F)(F)C(F)(F)C(F)(F)C(F)(F)C(F)(F)F,91.14119984992726
[H]OS(=O)(=O)C(F)(F)C(F)(F)C(F)(F)C(F)(F)C(F)(F)C(F)(F)C(F)(F)F,3,[H]O[S](=O)=O,F[C](F)C(F)(F)C(F)(F)C(F)(F)C(F)(F)C(F)(F)C(F)(F)F,64.85311644998774
[H]OS(=O)(=O)C(F)(F)C(F)(F)C(F)(F)C(F)(F)C(F)(F)C(F)(F)C(F)(F)F,4,[H]OS(=O)(=O)[C](F)C(F)(F)C(F)(F)C(F)(F)C(F)(F)C(F)(F)C(F)(F)F,[F],113.17315782507649
[H]OS(=O)(=O)C(F)(F)C(F)(F)C(F)(F)C(F)(F)C(F)(F)C(F)(F)C(F)(F)F,6,[H]OS(=O)(=O)[C](F)F,F[C](F)C(F)(F)C(F)(F)C(F)(F)C(F)(F)C(F)(F)F,85.64355312473026
[H]OS(=O)(=O)C(F)(F)C(F)(F)C(F)(F)C(F)(F)C(F)(F)C(F)(F)C(F)(F)F,7,[H]OS(=O)(=O)C(F)(F)[C](F)C(F)(F)C(F)(F)C(F)(F)C(F)(F)C(F)(F)F,[F],113.03116712486712
[H]OS(=O)(=O)C(F)(F)C(F)(F)C(F)(F)C(F)(F)C(F)(F)C(F)(F)C(F)(F)F,9,[H]OS(=O)(=O)C(F)(F)[C](F)F,F[C](F)C(F)(F)C(F)(F)C(F)(F)C(F)(F)F,85.31361362494977
[H]OS(=O)(=O)C(F)(F)C(F)(F)C(F)(F)C(F)(F)C(F)(F)C(F)(F)C(F)(F)F,10,[H]OS(=O)(=O)C(F)(F)C(F)(F)[C](F)C(F)(F)C(F)(F)C(F)(F)C(F)(F)F,[F],112.86155387514555
[H]OS(=O)(=O)C(F)(F)C(F)(F)C(F)(F)C(F)(F)C(F)(F)C(F)(F)C(F)(F)F,12,[H]OS(=O)(=O)C(F)(F)C(F)(F)[C](F)F,F[C](F)C(F)(F)C(F)(F)C(F)(F)F,86.00060690011787
[H]OS(=O)(=O)C(F)(F)C(F)(F)C(F)(F)C(F)(F)C(F)(F)C(F)(F)C(F)(F)F,13,[H]OS(=O)(=O)C(F)(F)C(F)(F)C(F)(F)[C](F)C(F)(F)C(F)(F)C(F)(F)F,[F],113.76073000013321
[H]OS(=O)(=O)C(F)(F)C(F)(F)C(F)(F)C(F)(F)C(F)(F)C(F)(F)C(F)(F)F,15,[H]OS(=O)(=O)C(F)(F)C(F)(F)C(F)(F)[C](F)F,F[C](F)C(F)(F)C(F)(F)F,85.54341039983115
[H]OS(=O)(=O)C(F)(F)C(F)(F)C(F)(F)C(F)(F)C(F)(F)C(F)(F)C(F)(F)F,16,[H]OS(=O)(=O)C(F)(F)C(F)(F)C(F)(F)C(F)(F)[C](F)C(F)(F)C(F)(F)F,[F],113.87204222504693
[H]OS(=O)(=O)C(F)(F)C(F)(F)C(F)(F)C(F)(F)C(F)(F)C(F)(F)C(F)(F)F,18,[H]OS(=O)(=O)C(F)(F)C(F)(F)C(F)(F)C(F)(F)[C](F)F,F[C](F)C(F)(F)F,86.79170242497321
[H]OS(=O)(=O)C(F)(F)C(F)(F)C(F)(F)C(F)(F)C(F)(F)C(F)(F)C(F)(F)F,19,[H]OS(=O)(=O)C(F)(F)C(F)(F)C(F)(F)C(F)(F)C(F)(F)[C](F)C(F)(F)F,[F],115.7139806249279
[H]OS(=O)(=O)C(F)(F)C(F)(F)C(F)(F)C(F)(F)C(F)(F)C(F)(F)C(F)(F)F,21,[H]OS(=O)(=O)C(F)(F)C(F)(F)C(F)(F)C(F)(F)C(F)(F)[C](F)F,F[C](F)F,91.48426037491504
[H]OS(=O)(=O)C(F)(F)C(F)(F)C(F)(F)C(F)(F)C(F)(F)C(F)(F)C(F)(F)F,22,[H]OS(=O)(=O)C(F)(F)C(F)(F)C(F)(F)C(F)(F)C(F)(F)C(F)(F)[C](F)F,[F],125.40397995004696
[H]OS(=O)(=O)C(F)(F)C(F)(F)C(F)(F)C(F)(F)C(F)(F)C(F)(F)C(F)(F)F,25,[O]S(=O)(=O)C(F)(F)C(F)(F)C(F)(F)C(F)(F)C(F)(F)C(F)(F)C(F)(F)F,[H],115.51855829977853
[H]OS(=O)(=O)C(F)(F)C(F)(F)C(F)(F)C(F)(F)C(F)(F)C(F)(F)C(F)(F)C(F)(F)F,0,[H][O],O=[S](=O)C(F)(F)C(F)(F)C(F)(F)C(F)(F)C(F)(F)C(F)(F)C(F)(F)C(F)(F)F,91.2912162750115
[H]OS(=O)(=O)C(F)(F)C(F)(F)C(F)(F)C(F)(F)C(F)(F)C(F)(F)C(F)(F)C(F)(F)F,3,[H]O[S](=O)=O,F[C](F)C(F)(F)C(F)(F)C(F)(F)C(F)(F)C(F)(F)C(F)(F)C(F)(F)F,65.25627892485659
[H]OS(=O)(=O)C(F)(F)C(F)(F)C(F)(F)C(F)(F)C(F)(F)C(F)(F)C(F)(F)C(F)(F)F,4,[H]OS(=O)(=O)[C](F)C(F)(F)C(F)(F)C(F)(F)C(F)(F)C(F)(F)C(F)(F)C(F)(F)F,[F],113.80681987509888
[H]OS(=O)(=O)C(F)(F)C(F)(F)C(F)(F)C(F)(F)C(F)(F)C(F)(F)C(F)(F)C(F)(F)F,6,[H]OS(=O)(=O)[C](F)F,F[C](F)C(F)(F)C(F)(F)C(F)(F)C(F)(F)C(F)(F)C(F)(F)F,85.95651247488036
[H]OS(=O)(=O)C(F)(F)C(F)(F)C(F)(F)C(F)(F)C(F)(F)C(F)(F)C(F)(F)C(F)(F)F,7,[H]OS(=O)(=O)C(F)(F)[C](F)C(F)(F)C(F)(F)C(F)(F)C(F)(F)C(F)(F)C(F)(F)F,[F],113.13726482485322
[H]OS(=O)(=O)C(F)(F)C(F)(F)C(F)(F)C(F)(F)C(F)(F)C(F)(F)C(F)(F)C(F)(F)F,9,[H]OS(=O)(=O)C(F)(F)[C](F)F,F[C](F)C(F)(F)C(F)(F)C(F)(F)C(F)(F)C(F)(F)F,85.70226830000934
[H]OS(=O)(=O)C(F)(F)C(F)(F)C(F)(F)C(F)(F)C(F)(F)C(F)(F)C(F)(F)C(F)(F)F,10,[H]OS(=O)(=O)C(F)(F)C(F)(F)[C](F)C(F)(F)C(F)(F)C(F)(F)C(F)(F)C(F)(F)F,[F],113.49923819986316
[H]OS(=O)(=O)C(F)(F)C(F)(F)C(F)(F)C(F)(F)C(F)(F)C(F)(F)C(F)(F)C(F)(F)F,12,[H]OS(=O)(=O)C(F)(F)C(F)(F)[C](F)F,F[C](F)C(F)(F)C(F)(F)C(F)(F)C(F)(F)F,86.30457417505454
[H]OS(=O)(=O)C(F)(F)C(F)(F)C(F)(F)C(F)(F)C(F)(F)C(F)(F)C(F)(F)C(F)(F)F,13,[H]OS(=O)(=O)C(F)(F)C(F)(F)C(F)(F)[C](F)C(F)(F)C(F)(F)C(F)(F)C(F)(F)F,[F],114.25327985007243
[H]OS(=O)(=O)C(F)(F)C(F)(F)C(F)(F)C(F)(F)C(F)(F)C(F)(F)C(F)(F)C(F)(F)F,15,[H]OS(=O)(=O)C(F)(F)C(F)(F)C(F)(F)[C](F)F,F[C](F)C(F)(F)C(F)(F)C(F)(F)F,86.32275912506998
[H]OS(=O)(=O)C(F)(F)C(F)(F)C(F)(F)C(F)(F)C(F)(F)C(F)(F)C(F)(F)C(F)(F)F,16,[H]OS(=O)(=O)C(F)(F)C(F)(F)C(F)(F)C(F)(F)[C](F)C(F)(F)C(F)(F)C(F)(F)F,[F],114.20557102510656
[H]OS(=O)(=O)C(F)(F)C(F)(F)C(F)(F)C(F)(F)C(F)(F)C(F)(F)C(F)(F)C(F)(F)F,18,[H]OS(=O)(=O)C(F)(F)C(F)(F)C(F)(F)C(F)(F)[C](F)F,F[C](F)C(F)(F)C(F)(F)F,85.85525907474221
[H]OS(=O)(=O)C(F)(F)C(F)(F)C(F)(F)C(F)(F)C(F)(F)C(F)(F)C(F)(F)C(F)(F)F,19,[H]OS(=O)(=O)C(F)(F)C(F)(F)C(F)(F)C(F)(F)C(F)(F)[C](F)C(F)(F)C(F)(F)F,[F],115.26000947505963
[H]OS(=O)(=O)C(F)(F)C(F)(F)C(F)(F)C(F)(F)C(F)(F)C(F)(F)C(F)(F)C(F)(F)F,21,[H]OS(=O)(=O)C(F)(F)C(F)(F)C(F)(F)C(F)(F)C(F)(F)[C](F)F,F[C](F)C(F)(F)F,87.10398407487105
[H]OS(=O)(=O)C(F)(F)C(F)(F)C(F)(F)C(F)(F)C(F)(F)C(F)(F)C(F)(F)C(F)(F)F,22,[H]OS(=O)(=O)C(F)(F)C(F)(F)C(F)(F)C(F)(F)C(F)(F)C(F)(F)[C](F)C(F)(F)F,[F],116.43595702495418
[H]OS(=O)(=O)C(F)(F)C(F)(F)C(F)(F)C(F)(F)C(F)(F)C(F)(F)C(F)(F)C(F)(F)F,24,[H]OS(=O)(=O)C(F)(F)C(F)(F)C(F)(F)C(F)(F)C(F)(F)C(F)(F)[C](F)F,F[C](F)F,93.11943752499701
[H]OS(=O)(=O)C(F)(F)C(F)(F)C(F)(F)C(F)(F)C(F)(F)C(F)(F)C(F)(F)C(F)(F)F,25,[H]OS(=O)(=O)C(F)(F)C(F)(F)C(F)(F)C(F)(F)C(F)(F)C(F)(F)C(F)(F)[C](F)F,[F],125.42479412493662
[H]OS(=O)(=O)C(F)(F)C(F)(F)C(F)(F)C(F)(F)C(F)(F)C(F)(F)C(F)(F)C(F)(F)F,28,[O]S(=O)(=O)C(F)(F)C(F)(F)C(F)(F)C(F)(F)C(F)(F)C(F)(F)C(F)(F)C(F)(F)F,[H],116.52073227471874
[H]OC(=O)C(F)(F)C(F)(F)C(F)(F)C(F)(F)C(F)(F)C(F)(F)C(F)(F)C(F)(F)F,0,[H][O],O=[C]C(F)(F)C(F)(F)C(F)(F)C(F)(F)C(F)(F)C(F)(F)C(F)(F)C(F)(F)F,113.10410772480282
[H]OC(=O)C(F)(F)C(F)(F)C(F)(F)C(F)(F)C(F)(F)C(F)(F)C(F)(F)C(F)(F)F,2,[H]O[C]=O,F[C](F)C(F)(F)C(F)(F)C(F)(F)C(F)(F)C(F)(F)C(F)(F)C(F)(F)F,88.7052071997698
[H]OC(=O)C(F)(F)C(F)(F)C(F)(F)C(F)(F)C(F)(F)C(F)(F)C(F)(F)C(F)(F)F,3,[H]OC(=O)[C](F)C(F)(F)C(F)(F)C(F)(F)C(F)(F)C(F)(F)C(F)(F)C(F)(F)F,[F],108.9028508998797
[H]OC(=O)C(F)(F)C(F)(F)C(F)(F)C(F)(F)C(F)(F)C(F)(F)C(F)(F)C(F)(F)F,5,[H]OC(=O)[C](F)F,F[C](F)C(F)(F)C(F)(F)C(F)(F)C(F)(F)C(F)(F)C(F)(F)F,81.66763155007288
[H]OC(=O)C(F)(F)C(F)(F)C(F)(F)C(F)(F)C(F)(F)C(F)(F)C(F)(F)C(F)(F)F,6,[H]OC(=O)C(F)(F)[C](F)C(F)(F)C(F)(F)C(F)(F)C(F)(F)C(F)(F)C(F)(F)F,[F],115.05626650001545
[H]OC(=O)C(F)(F)C(F)(F)C(F)(F)C(F)(F)C(F)(F)C(F)(F)C(F)(F)C(F)(F)F,8,[H]OC(=O)C(F)(F)[C](F)F,F[C](F)C(F)(F)C(F)(F)C(F)(F)C(F)(F)C(F)(F)F,87.07530104987427
[H]OC(=O)C(F)(F)C(F)(F)C(F)(F)C(F)(F)C(F)(F)C(F)(F)C(F)(F)C(F)(F)F,9,[H]OC(=O)C(F)(F)C(F)(F)[C](F)C(F)(F)C(F)(F)C(F)(F)C(F)(F)C(F)(F)F,[F],114.09473570000046
[H]OC(=O)C(F)(F)C(F)(F)C(F)(F)C(F)(F)C(F)(F)C(F)(F)C(F)(F)C(F)(F)F,11,[H]OC(=O)C(F)(F)C(F)(F)[C](F)F,F[C](F)C(F)(F)C(F)(F)C(F)(F)C(F)(F)F,86.02236859997447
[H]OC(=O)C(F)(F)C(F)(F)C(F)(F)C(F)(F)C(F)(F)C(F)(F)C(F)(F)C(F)(F)F,12,[H]OC(=O)C(F)(F)C(F)(F)C(F)(F)[C](F)C(F)(F)C(F)(F)C(F)(F)C(F)(F)F,[F],113.07435794995854
[H]OC(=O)C(F)(F)C(F)(F)C(F)(F)C(F)(F)C(F)(F)C(F)(F)C(F)(F)C(F)(F)F,14,[H]OC(=O)C(F)(F)C(F)(F)C(F)(F)[C](F)F,F[C](F)C(F)(F)C(F)(F)C(F)(F)F,85.97881382473702
[H]OC(=O)C(F)(F)C(F)(F)C(F)(F)C(F)(F)C(F)(F)C(F)(F)C(F)(F)C(F)(F)F,15,[H]OC(=O)C(F)(F)C(F)(F)C(F)(F)C(F)(F)[C](F)C(F)(F)C(F)(F)C(F)(F)F,[F],113.58301572490632
[H]OC(=O)C(F)(F)C(F)(F)C(F)(F)C(F)(F)C(F)(F)C(F)(F)C(F)(F)C(F)(F)F,17,[H]OC(=O)C(F)(F)C(F)(F)C(F)(F)C(F)(F)[C](F)F,F[C](F)C(F)(F)C(F)(F)F,85.81756514973108
[H]OC(=O)C(F)(F)C(F)(F)C(F)(F)C(F)(F)C(F)(F)C(F)(F)C(F)(F)C(F)(F)F,18,[H]OC(=O)C(F)(F)C(F)(F)C(F)(F)C(F)(F)C(F)(F)[C](F)C(F)(F)C(F)(F)F,[F],114.15473097486824
[H]OC(=O)C(F)(F)C(F)(F)C(F)(F)C(F)(F)C(F)(F)C(F)(F)C(F)(F)C(F)(F)F,20,[H]OC(=O)C(F)(F)C(F)(F)C(F)(F)C(F)(F)C(F)(F)[C](F)F,F[C](F)C(F)(F)F,87.0442586250033
[H]OC(=O)C(F)(F)C(F)(F)C(F)(F)C(F)(F)C(F)(F)C(F)(F)C(F)(F)C(F)(F)F,21,[H]OC(=O)C(F)(F)C(F)(F)C(F)(F)C(F)(F)C(F)(F)C(F)(F)[C](F)C(F)(F)F,[F],115.70504502497329
[H]OC(=O)C(F)(F)C(F)(F)C(F)(F)C(F)(F)C(F)(F)C(F)(F)C(F)(F)C(F)(F)F,23,[H]OC(=O)C(F)(F)C(F)(F)C(F)(F)C(F)(F)C(F)(F)C(F)(F)[C](F)F,F[C](F)F,92.059313924957
[H]OC(=O)C(F)(F)C(F)(F)C(F)(F)C(F)(F)C(F)(F)C(F)(F)C(F)(F)C(F)(F)F,24,[H]OC(=O)C(F)(F)C(F)(F)C(F)(F)C(F)(F)C(F)(F)C(F)(F)C(F)(F)[C](F)F,[F],125.2028034499699
[H]OC(=O)C(F)(F)C(F)(F)C(F)(F)C(F)(F)C(F)(F)C(F)(F)C(F)(F)C(F)(F)F,27,[O]C(=O)C(F)(F)C(F)(F)C(F)(F)C(F)(F)C(F)(F)C(F)(F)C(F)(F)C(F)(F)F,[H],120.22911294972914
FC(Cl)(Cl)Cl,0,[F],Cl[C](Cl)Cl,105.82646312485167
FC(Cl)(Cl)Cl,1,F[C](Cl)Cl,[Cl],75.19842657489619
FC(F)(Cl)Cl,0,[F],F[C](Cl)Cl,115.48030589996642
FC(F)(Cl)Cl,2,F[C](F)Cl,[Cl],81.76463049997494
[H]C(F)(F)Cl,0,[H][C](F)Cl,[F],120.00113592507859
[H]C(F)(F)Cl,2,[H][C](F)F,[Cl],87.85343870000844
[H]C(F)(F)Cl,3,F[C](F)Cl,[H],106.43624252497574
[H]C(F)(F)C(F)(F)F,0,[H][C](F)C(F)(F)F,[F],120.26308579999863
[H]C(F)(F)C(F)(F)F,2,[H][C](F)F,F[C](F)F,97.41582334997958
[H]C(F)(F)C(F)(F)F,3,[H]C(F)(F)[C](F)F,[F],126.72957997502238
[H]C(F)(F)C(F)(F)F,6,F[C](F)C(F)(F)F,[H],108.08234445002086
[H]C([H])(F)C(F)(F)F,0,[H][C]([H])C(F)(F)F,[F],114.4274048249845
[H]C([H])(F)C(F)(F)F,1,[H][C]([H])F,F[C](F)F,101.03310984995673
[H]C([H])(F)C(F)(F)F,2,[H]C([H])(F)[C](F)F,[F],126.56021144999556
[H]C([H])(F)C(F)(F)F,5,[H][C](F)C(F)(F)F,[H],107.83749394996846
[H]C(F)=C([H])C(F)(F)F,0,[H][C]=C([H])C(F)(F)F,[F],128.30441045002914
[H]C(F)=C([H])C(F)(F)F,2,[H][C]=C([H])F,F[C](F)F,114.92818119999356
[H]C(F)=C([H])C(F)(F)F,3,[H]C(F)=C([H])[C](F)F,[F],117.80895840000824
[H]C(F)=C([H])C(F)(F)F,6,[H]C(=[C]F)C(F)(F)F,[H],120.33588834996749
[H]C(F)=C([H])C(F)(F)F,7,[H]C(F)=[C]C(F)(F)F,[H],125.31680765002164
[H]C([H])=C(F)C(F)(F)F,1,[H]C([H])=[C]C(F)(F)F,[F],126.696692699972
[H]C([H])=C(F)C(F)(F)F,2,[H]C([H])=[C]F,F[C](F)F,109.70673487496384
[H]C([H])=C(F)C(F)(F)F,3,[H]C([H])=C(F)[C](F)F,[F],118.84046799996355
[H]C([H])=C(F)C(F)(F)F,6,[H][C]=C(F)C(F)(F)F,[H],123.00578789998525
[H]C(=C([H])C(F)(F)F)C(F)(F)F,1,[H][C]=C([H])C(F)(F)F,F[C](F)F,111.9440798499815
[H]C(=C([H])C(F)(F)F)C(F)(F)F,2,[H]C([C](F)F)=C([H])C(F)(F)F,[F],113.57553592503649
[H]C(=C([H])C(F)(F)F)C(F)(F)F,9,[H]C(=[C]C(F)(F)F)C(F)(F)F,[H],121.69542985004483
FS(F)(F)(F)(F)F,0,[F],F[S](F)(F)(F)F,104.13231352499992
FC(F)(F)C(F)(F)F,0,[F],F[C](F)C(F)(F)F,126.0467282000721
FC(F)(F)C(F)(F)F,3,F[C](F)F,F[C](F)F,98.1424620749948
[H]OC([H])([H])C([H])([H])C(F)(F)C(F)(F)C(F)(F)C(F)(F)F,0,[H][O],[H][C]([H])C([H])([H])C(F)(F)C(F)(F)C(F)(F)C(F)(F)F,99.49513872511943
[H]OC([H])([H])C([H])([H])C(F)(F)C(F)(F)C(F)(F)C(F)(F)F,1,[H]O[C]([H])[H],[H][C]([H])C(F)(F)C(F)(F)C(F)(F)C(F)(F)F,94.26500779997752
[H]OC([H])([H])C([H])([H])C(F)(F)C(F)(F)C(F)(F)C(F)(F)F,2,[H]OC([H])([H])[C]([H])[H],F[C](F)C(F)(F)C(F)(F)C(F)(F)F,100.96182585001543
[H]OC([H])([H])C([H])([H])C(F)(F)C(F)(F)C(F)(F)C(F)(F)F,3,[H]OC([H])([H])C([H])([H])[C](F)C(F)(F)C(F)(F)C(F)(F)F,[F],118.04820532496706
[H]OC([H])([H])C([H])([H])C(F)(F)C(F)(F)C(F)(F)C(F)(F)F,5,[H]OC([H])([H])C([H])([H])[C](F)F,F[C](F)C(F)(F)C(F)(F)F,90.80360485006622
[H]OC([H])([H])C([H])([H])C(F)(F)C(F)(F)C(F)(F)C(F)(F)F,6,[H]OC([H])([H])C([H])([H])C(F)(F)[C](F)C(F)(F)C(F)(F)F,[F],115.47156482495211
[H]OC([H])([H])C([H])([H])C(F)(F)C(F)(F)C(F)(F)C(F)(F)F,8,[H]OC([H])([H])C([H])([H])C(F)(F)[C](F)F,F[C](F)C(F)(F)F,89.99114922510216
[H]OC([H])([H])C([H])([H])C(F)(F)C(F)(F)C(F)(F)C(F)(F)F,9,[H]OC([H])([H])C([H])([H])C(F)(F)C(F)(F)[C](F)C(F)(F)F,[F],116.59051654993277
[H]OC([H])([H])C([H])([H])C(F)(F)C(F)(F)C(F)(F)C(F)(F)F,11,[H]OC([H])([H])C([H])([H])C(F)(F)C(F)(F)[C](F)F,F[C](F)F,92.84295475003375
[H]OC([H])([H])C([H])([H])C(F)(F)C(F)(F)C(F)(F)C(F)(F)F,12,[H]OC([H])([H])C([H])([H])C(F)(F)C(F)(F)C(F)(F)[C](F)F,[F],125.41221275001476
[H]OC([H])([H])C([H])([H])C(F)(F)C(F)(F)C(F)(F)C(F)(F)F,15,[H]C([H])([O])C([H])([H])C(F)(F)C(F)(F)C(F)(F)C(F)(F)F,[H],112.05434415006266
[H]OC([H])([H])C([H])([H])C(F)(F)C(F)(F)C(F)(F)C(F)(F)F,16,[H]O[C]([H])C([H])([H])C(F)(F)C(F)(F)C(F)(F)C(F)(F)F,[H],100.39018590011324
[H]OC([H])([H])C([H])([H])C(F)(F)C(F)(F)C(F)(F)C(F)(F)F,18,[H]OC([H])([H])[C]([H])C(F)(F)C(F)(F)C(F)(F)C(F)(F)F,[H],108.25137412506422
[H]OC([H])([H])C([H])([H])C(F)(F)C(F)(F)C(F)(F)C(F)(F)C(F)(F)C(F)(F)F,0,[H][O],[H][C]([H])C([H])([H])C(F)(F)C(F)(F)C(F)(F)C(F)(F)C(F)(F)C(F)(F)F,99.7107226250688
[H]OC([H])([H])C([H])([H])C(F)(F)C(F)(F)C(F)(F)C(F)(F)C(F)(F)C(F)(F)F,1,[H]O[C]([H])[H],[H][C]([H])C(F)(F)C(F)(F)C(F)(F)C(F)(F)C(F)(F)C(F)(F)F,94.45539129991062
[H]OC([H])([H])C([H])([H])C(F)(F)C(F)(F)C(F)(F)C(F)(F)C(F)(F)C(F)(F)F,2,[H]OC([H])([H])[C]([H])[H],F[C](F)C(F)(F)C(F)(F)C(F)(F)C(F)(F)C(F)(F)F,101.15608729988594
[H]OC([H])([H])C([H])([H])C(F)(F)C(F)(F)C(F)(F)C(F)(F)C(F)(F)C(F)(F)F,3,[H]OC([H])([H])C([H])([H])[C](F)C(F)(F)C(F)(F)C(F)(F)C(F)(F)C(F)(F)F,[F],118.54078654985983
[H]OC([H])([H])C([H])([H])C(F)(F)C(F)(F)C(F)(F)C(F)(F)C(F)(F)C(F)(F)F,5,[H]OC([H])([H])C([H])([H])[C](F)F,F[C](F)C(F)(F)C(F)(F)C(F)(F)C(F)(F)F,91.38856034997332
[H]OC([H])([H])C([H])([H])C(F)(F)C(F)(F)C(F)(F)C(F)(F)C(F)(F)C(F)(F)F,6,[H]OC([H])([H])C([H])([H])C(F)(F)[C](F)C(F)(F)C(F)(F)C(F)(F)C(F)(F)F,[F],117.20461314984334
[H]OC([H])([H])C([H])([H])C(F)(F)C(F)(F)C(F)(F)C(F)(F)C(F)(F)C(F)(F)F,8,[H]OC([H])([H])C([H])([H])C(F)(F)[C](F)F,F[C](F)C(F)(F)C(F)(F)C(F)(F)F,89.33569409998427
[H]OC([H])([H])C([H])([H])C(F)(F)C(F)(F)C(F)(F)C(F)(F)C(F)(F)C(F)(F)F,9,[H]OC([H])([H])C([H])([H])C(F)(F)C(F)(F)[C](F)C(F)(F)C(F)(F)C(F)(F)F,[F],114.77458802492549
[H]OC([H])([H])C([H])([H])C(F)(F)C(F)(F)C(F)(F)C(F)(F)C(F)(F)C(F)(F)F,11,[H]OC([H])([H])C([H])([H])C(F)(F)C(F)(F)[C](F)F,F[C](F)C(F)(F)C(F)(F)F,87.02787459991839
[H]OC([H])([H])C([H])([H])C(F)(F)C(F)(F)C(F)(F)C(F)(F)C(F)(F)C(F)(F)F,12,[H]OC([H])([H])C([H])([H])C(F)(F)C(F)(F)C(F)(F)[C](F)C(F)(F)C(F)(F)F,[F],114.78193604997614
[H]OC([H])([H])C([H])([H])C(F)(F)C(F)(F)C(F)(F)C(F)(F)C(F)(F)C(F)(F)F,14,[H]OC([H])([H])C([H])([H])C(F)(F)C(F)(F)C(F)(F)[C](F)F,F[C](F)C(F)(F)F,88.24903352493777
[H]OC([H])([H])C([H])([H])C(F)(F)C(F)(F)C(F)(F)C(F)(F)C(F)(F)C(F)(F)F,15,[H]OC([H])([H])C([H])([H])C(F)(F)C(F)(F)C(F)(F)C(F)(F)[C](F)C(F)(F)F,[F],116.95284132493612
[H]OC([H])([H])C([H])([H])C(F)(F)C(F)(F)C(F)(F)C(F)(F)C(F)(F)C(F)(F)F,17,[H]OC([H])([H])C([H])([H])C(F)(F)C(F)(F)C(F)(F)C(F)(F)[C](F)F,F[C](F)F,93.0099136748612
[H]OC([H])([H])C([H])([H])C(F)(F)C(F)(F)C(F)(F)C(F)(F)C(F)(F)C(F)(F)F,18,[H]OC([H])([H])C([H])([H])C(F)(F)C(F)(F)C(F)(F)C(F)(F)C(F)(F)[C](F)F,[F],124.930311574891
[H]OC([H])([H])C([H])([H])C(F)(F)C(F)(F)C(F)(F)C(F)(F)C(F)(F)C(F)(F)F,21,[H]C([H])([O])C([H])([H])C(F)(F)C(F)(F)C(F)(F)C(F)(F)C(F)(F)C(F)(F)F,[H],111.18307757903722
[H]OC([H])([H])C([H])([H])C(F)(F)C(F)(F)C(F)(F)C(F)(F)C(F)(F)C(F)(F)F,22,[H]O[C]([H])C([H])([H])C(F)(F)C(F)(F)C(F)(F)C(F)(F)C(F)(F)C(F)(F)F,[H],100.53594160002774
[H]OC([H])([H])C([H])([H])C(F)(F)C(F)(F)C(F)(F)C(F)(F)C(F)(F)C(F)(F)F,24,[H]OC([H])([H])[C]([H])C(F)(F)C(F)(F)C(F)(F)C(F)(F)C(F)(F)C(F)(F)F,[H],108.92405412507799
